file_id,cohort,U,T,dm_per_utt,dm_per_1k,disf_per_utt,disf_per_1k,pron1_per_1k,pron2_per_1k,pron3_per_1k,msv_per_1k
td_Brown_010600b,TD,473,900,0.0042,2.22,0.1438,75.56,6.67,1.11,4.44,11.11
td_Brown_010700a,TD,253,550,0.0395,18.18,0.0988,45.45,14.55,5.45,10.91,5.45
td_Brown_010700b,TD,585,1134,0.012,6.17,0.1128,58.2,11.46,4.41,8.82,11.46
td_Brown_010800,TD,706,1559,0.0127,5.77,0.1218,55.16,3.85,2.57,10.9,2.57
td_Brown_010900a,TD,536,1520,0.0168,5.92,0.0933,32.89,9.21,6.58,9.21,2.63
td_Brown_010900b,TD,523,1302,0.0249,9.98,0.1491,59.91,16.13,3.07,14.59,2.3
td_Brown_011000a,TD,519,1593,0.0058,1.88,0.0751,24.48,29.5,5.65,20.72,2.51
td_Brown_011000b,TD,547,1677,0.0457,14.91,0.064,20.87,32.2,3.58,17.29,3.58
td_Brown_011100a,TD,447,1344,0.0179,5.95,0.0537,17.86,44.64,8.18,52.83,2.98
td_Brown_011100b,TD,641,2234,0.025,7.16,0.064,18.35,52.82,24.17,38.5,9.4
td_Brown_020000a,TD,456,1645,0.0132,3.65,0.0526,14.59,46.81,38.91,37.69,1.82
td_Brown_020000b,TD,476,1570,0.0546,16.56,0.0609,18.47,54.78,28.03,37.58,10.19
td_Brown_020100b,TD,641,2445,0.0218,5.73,0.0546,14.31,48.26,27.4,41.72,12.27
td_Brown_020300a,TD,653,2346,0.0613,17.05,0.1149,31.97,62.23,31.54,28.56,11.08
td_Brown_020300b,TD,539,1477,0.0204,7.45,0.2208,80.57,27.76,23.7,23.02,5.42
td_Brown_020307,TD,319,639,0.0094,4.69,0.2696,134.59,35.99,0.0,3.13,9.39
td_Brown_020319,TD,417,704,0.0336,19.89,0.2542,150.57,8.52,1.42,1.42,0.0
td_Brown_020326,TD,213,331,0.0141,9.06,0.3568,229.61,39.27,21.15,0.0,0.0
td_Brown_020328,TD,274,515,0.0073,3.88,0.4161,221.36,21.36,7.77,5.83,0.0
td_Brown_020410,TD,324,600,0.0154,8.33,0.2901,156.67,16.67,0.0,0.0,0.0
td_Brown_020412,TD,388,853,0.0077,3.52,0.4562,207.5,38.69,4.69,0.0,1.17
td_Brown_020417,TD,258,456,0.0039,2.19,0.3488,197.37,30.7,8.77,10.96,0.0
td_Brown_020419,TD,460,836,0.0065,3.59,0.3783,208.13,16.75,9.57,7.18,0.0
td_Brown_020426,TD,340,758,0.0,0.0,0.4647,208.44,32.98,6.6,6.6,0.0
td_Brown_020507,TD,306,605,0.0,0.0,0.2647,133.88,74.38,23.14,1.65,1.65
td_Brown_020515,TD,303,648,0.0066,3.09,0.3564,166.67,21.6,1.54,9.26,1.54
td_Brown_020525,TD,188,435,0.0053,2.3,0.4521,195.4,41.38,18.39,43.68,2.3
td_Brown_020603,TD,873,2520,0.0412,14.29,0.0263,9.13,16.27,7.14,19.84,1.19
td_Brown_020604,TD,198,291,0.0,0.0,0.3384,230.24,20.62,3.44,13.75,0.0
td_Brown_020617,TD,665,2199,0.0316,9.55,0.0466,14.1,28.65,7.73,25.47,5.91
td_Brown_020620,TD,489,1011,0.0348,16.82,0.2372,114.74,52.42,11.87,14.84,4.95
td_Brown_020701,TD,880,2506,0.033,11.57,0.0261,9.18,11.17,4.79,26.34,0.8
td_Brown_020705,TD,282,510,0.0142,7.84,0.2163,119.61,43.14,9.8,29.41,3.92
td_Brown_020712,TD,374,821,0.0348,15.83,0.2353,107.19,58.47,12.18,19.49,7.31
td_Brown_020718,TD,181,340,0.0221,11.76,0.2044,108.82,23.53,11.76,8.82,5.88
td_Brown_020728,TD,290,605,0.031,14.88,0.2448,117.36,24.79,39.67,14.88,1.65
td_Brown_020802,TD,348,780,0.0029,1.28,0.4483,200.0,46.15,20.51,10.26,7.69
td_Brown_020825a,TD,288,667,0.0208,9.0,0.2604,112.44,26.99,22.49,34.48,4.5
td_Brown_020900,TD,250,567,0.016,7.05,0.2,88.18,42.33,28.22,19.4,10.58
td_Brown_020904,TD,546,1510,0.0147,5.3,0.0311,11.26,2.65,12.58,34.44,3.97
td_Brown_020906,TD,338,835,0.0237,9.58,0.1538,62.28,44.31,20.36,26.35,11.98
td_Brown_020914,TD,283,497,0.0106,6.04,0.2191,124.75,50.3,14.08,8.05,22.13
td_Brown_020918,TD,590,1580,0.0288,10.76,0.022,8.23,8.86,16.46,37.34,6.96
td_Brown_020920,TD,585,1345,0.012,5.2,0.1333,57.99,49.07,41.64,50.56,19.33
td_Brown_020929,TD,212,482,0.0094,4.15,0.2028,89.21,53.94,6.22,45.64,24.9
td_Brown_021005,TD,352,930,0.0398,15.05,0.1761,66.67,70.97,29.03,32.26,40.86
td_Brown_021011,TD,211,453,0.0142,6.62,0.1659,77.26,70.64,11.04,44.15,13.25
td_Brown_021020,TD,223,592,0.0224,8.45,0.1659,62.5,91.22,37.16,16.89,25.34
td_Brown_021024,TD,318,694,0.0157,7.2,0.1226,56.2,63.4,15.85,14.41,14.41
td_Brown_021030,TD,861,2882,0.0279,8.33,0.0232,6.94,32.27,30.53,49.97,16.66
td_Brown_021102,TD,291,757,0.055,21.14,0.1237,47.56,85.87,14.53,22.46,26.42
td_Brown_021117,TD,552,1375,0.0163,6.55,0.2482,99.64,46.55,48.0,12.36,22.55
td_Brown_021123,TD,205,503,0.0439,17.89,0.2,81.51,49.7,31.81,17.89,33.8
td_Brown_021130,TD,208,405,0.0144,7.41,0.1394,71.6,41.98,14.81,32.1,22.22
td_Brown_030018a,TD,377,1094,0.0186,6.4,0.191,65.81,54.84,20.11,76.78,33.82
td_Brown_030018b,TD,258,755,0.0194,6.62,0.2054,70.2,88.74,21.19,15.89,47.68
td_Brown_030027,TD,300,800,0.0367,13.75,0.2433,91.25,55.0,23.75,32.5,12.5
td_Brown_030103,TD,233,650,0.0386,13.85,0.3176,113.85,73.85,7.69,47.69,18.46
td_Brown_030117,TD,280,745,0.0179,6.71,0.1214,45.64,63.09,10.74,24.16,13.42
td_Brown_030124,TD,309,914,0.0388,13.13,0.2104,71.12,66.74,3.28,44.86,4.38
td_Brown_030209,TD,843,3093,0.0119,3.23,0.0439,11.96,54.32,26.19,39.12,15.52
td_Brown_030210,TD,280,1014,0.0179,4.93,0.1679,46.35,54.24,16.77,53.25,0.99
td_Brown_030216,TD,299,1110,0.0401,10.81,0.1438,38.74,72.97,14.41,45.05,4.5
td_Brown_030223,TD,292,1129,0.0308,7.97,0.1301,33.66,74.4,23.03,35.43,1.77
td_Brown_030304,TD,919,3659,0.0316,7.93,0.0522,13.12,71.88,28.7,36.35,4.92
td_Brown_030307a,TD,276,793,0.0181,6.31,0.1848,64.31,59.27,29.0,45.4,5.04
td_Brown_030307b,TD,204,615,0.0147,4.88,0.1225,40.65,71.54,24.39,34.15,3.25
td_Brown_030313,TD,361,1538,0.0222,5.2,0.0776,18.21,53.97,2.6,14.3,15.6
td_Brown_030320,TD,243,873,0.0288,8.02,0.1811,50.4,59.56,9.16,38.95,14.89
td_Brown_030328,TD,242,752,0.0455,14.63,0.1612,51.86,42.55,11.97,18.62,5.32
td_Brown_030401,TD,285,1034,0.0421,11.61,0.1018,28.05,39.65,16.44,32.88,4.84
td_Brown_030409,TD,258,846,0.0349,10.64,0.1822,55.56,63.83,11.82,27.19,4.73
td_Brown_030416,TD,272,845,0.0331,10.65,0.1507,48.52,49.7,20.12,31.95,13.02
td_Brown_030418,TD,891,4167,0.0337,7.2,0.0123,2.64,59.52,18.24,60.24,9.6
td_Brown_030426,TD,286,846,0.035,11.82,0.1119,37.83,57.92,14.18,37.83,9.46
td_Brown_030501,TD,218,611,0.0092,3.27,0.2018,72.01,58.92,18.0,44.19,11.46
td_Brown_030507,TD,445,1377,0.0517,16.7,0.1865,60.28,74.07,22.51,66.81,34.13
td_Brown_030513,TD,373,1087,0.0268,9.2,0.1287,44.16,44.16,11.04,52.44,13.8
td_Brown_030515,TD,754,3172,0.0318,7.57,0.0159,3.78,43.19,23.01,53.91,6.31
td_Brown_030520,TD,306,918,0.0359,11.98,0.134,44.66,46.84,18.52,40.31,8.71
td_Brown_030529,TD,836,3448,0.0299,7.25,0.012,2.9,54.23,27.26,65.55,10.73
td_Brown_030606,TD,299,1029,0.0435,12.63,0.107,31.1,38.87,19.44,14.58,11.66
td_Brown_030609,TD,638,2846,0.0204,4.57,0.0047,1.05,51.3,24.95,44.27,4.92
td_Brown_030616,TD,226,818,0.0354,9.78,0.0752,20.78,41.56,24.45,39.12,15.89
td_Brown_030623,TD,235,781,0.0383,11.52,0.1532,46.09,61.46,23.05,33.29,10.24
td_Brown_030630,TD,298,1194,0.0403,10.05,0.1913,47.74,56.11,30.99,42.71,8.38
td_Brown_030709,TD,224,765,0.0446,13.07,0.067,19.61,77.12,13.07,67.97,11.76
td_Brown_030716,TD,172,644,0.0523,13.98,0.1105,29.5,77.64,21.74,41.93,20.19
td_Brown_030723,TD,191,680,0.0262,7.35,0.178,50.0,69.12,8.82,42.65,11.76
td_Brown_030730,TD,200,759,0.045,11.86,0.075,19.76,54.02,40.84,35.57,15.81
td_Brown_030801,TD,770,3437,0.013,2.91,0.0052,1.16,65.46,30.55,52.08,13.38
td_Brown_030806,TD,265,990,0.0151,4.04,0.0943,25.25,61.62,17.17,43.43,16.16
td_Brown_030812,TD,179,573,0.0615,19.2,0.0894,27.92,92.5,6.98,73.3,15.71
td_Brown_030814,TD,896,3522,0.0179,4.54,0.0056,1.42,68.99,20.73,45.43,16.18
td_Brown_030820,TD,230,918,0.0391,9.8,0.1435,35.95,41.39,9.8,32.68,7.63
td_Brown_030826,TD,887,3834,0.0282,6.52,0.0023,0.52,57.9,26.08,51.9,8.61
td_Brown_030827,TD,260,862,0.0308,9.28,0.1192,35.96,59.16,20.88,24.36,13.92
td_Brown_030903,TD,246,822,0.0488,14.6,0.1057,31.63,75.43,10.95,40.15,7.3
td_Brown_030916,TD,769,3519,0.0403,8.81,0.0156,3.41,60.24,38.36,45.18,8.24
td_Brown_030926a,TD,251,926,0.0279,7.56,0.1235,33.48,69.11,39.96,34.56,8.64
td_Brown_030926b,TD,197,670,0.0355,10.45,0.132,38.81,126.87,38.81,40.3,19.4
td_Brown_031001,TD,221,681,0.0181,5.87,0.1629,52.86,64.61,27.9,36.71,2.94
td_Brown_031009,TD,226,689,0.0487,15.97,0.2699,88.53,91.44,10.16,40.64,17.42
td_Brown_031015,TD,545,2385,0.044,10.06,0.0092,2.1,67.09,23.9,57.02,21.8
td_Brown_031016,TD,274,1041,0.0219,5.76,0.1423,37.46,77.81,11.53,29.78,12.49
td_Brown_031030,TD,311,1229,0.0064,1.63,0.2154,54.52,43.94,19.53,22.78,4.88
td_Brown_031101,TD,670,3095,0.0507,10.99,0.0194,4.2,51.37,28.76,53.31,12.28
td_Brown_031116,TD,295,1007,0.0203,5.96,0.1559,45.68,66.53,19.86,45.68,14.9
td_Brown_040005,TD,311,944,0.0289,9.53,0.1415,46.61,73.09,25.42,37.08,12.71
td_Brown_040014,TD,270,994,0.0593,16.1,0.1778,48.29,54.33,16.1,71.43,6.04
td_Brown_040028,TD,337,1395,0.0297,7.17,0.1157,27.96,43.01,30.11,41.58,2.15
td_Brown_040104,TD,358,1226,0.0391,11.42,0.1061,31.0,56.28,41.6,46.49,16.31
td_Brown_040111,TD,380,1181,0.0474,15.24,0.0816,26.25,55.04,22.86,50.8,13.55
td_Brown_040118,TD,199,723,0.0352,9.68,0.1156,31.81,78.84,31.81,29.05,8.3
td_Brown_040128,TD,274,1139,0.0255,6.15,0.0766,18.44,64.09,14.93,46.53,10.54
td_Brown_040201,TD,307,1165,0.0684,18.03,0.0521,13.73,66.09,30.9,30.04,12.88
td_Brown_040209,TD,280,894,0.0179,5.59,0.0679,21.25,53.69,24.61,45.86,14.54
td_Brown_040216,TD,256,782,0.0352,11.51,0.0469,15.35,76.73,17.9,53.71,20.46
td_Brown_040217,TD,701,3436,0.0314,6.4,0.0014,0.29,67.23,28.23,43.95,7.28
td_Brown_040223,TD,245,902,0.0367,9.98,0.0245,6.65,54.32,9.98,45.45,5.54
td_Brown_040307,TD,373,1295,0.0563,16.22,0.0349,10.04,31.66,17.76,50.19,12.36
td_Brown_040309,TD,726,3971,0.0758,13.85,0.0069,1.26,66.99,29.72,25.43,13.35
td_Brown_040313,TD,266,1027,0.1466,37.97,0.0301,7.79,38.95,44.79,40.9,4.87
td_Brown_040326,TD,273,1181,0.0842,19.48,0.0879,20.32,43.18,18.63,42.34,11.85
td_Brown_040401,TD,252,929,0.1667,45.21,0.1151,31.22,45.21,9.69,50.59,18.3
td_Brown_040411,TD,309,1056,0.0809,23.67,0.0485,14.2,49.24,15.15,41.67,16.1
td_Brown_040418,TD,272,865,0.1213,38.15,0.0919,28.9,36.99,24.28,39.31,6.94
td_Brown_040504,TD,287,1025,0.0592,16.59,0.0697,19.51,61.46,10.73,48.78,14.63
td_Brown_040508,TD,260,974,0.0615,16.43,0.1,26.69,73.92,20.53,40.04,22.59
td_Brown_040514,TD,265,1008,0.0717,18.85,0.0679,17.86,51.59,22.82,49.6,22.82
td_Brown_040522,TD,297,1107,0.0842,22.58,0.064,17.16,65.94,18.07,63.23,20.78
td_Brown_040529,TD,338,1488,0.0651,14.78,0.0562,12.77,54.44,26.21,33.6,11.42
td_Brown_040605,TD,254,921,0.0591,16.29,0.0394,10.86,60.8,15.2,44.52,9.77
td_Brown_040624,TD,283,1008,0.0671,18.85,0.0353,9.92,84.33,33.73,43.65,21.83
td_Brown_040700,TD,265,1044,0.0302,7.66,0.1019,25.86,66.09,49.81,29.69,10.54
td_Brown_040711,TD,268,1012,0.041,10.87,0.1119,29.64,60.28,21.74,53.36,20.75
td_Brown_040724,TD,258,1198,0.1318,28.38,0.0271,5.84,59.27,9.18,56.76,15.03
td_Brown_040813,TD,260,1118,0.0538,12.52,0.0538,12.52,40.25,21.47,32.2,16.99
td_Brown_040820,TD,241,1127,0.0498,10.65,0.0249,5.32,54.13,22.18,61.22,17.75
td_Brown_040904,TD,226,957,0.1372,32.39,0.0487,11.49,64.79,7.31,45.98,4.18
td_Brown_040912,TD,271,1096,0.1033,25.55,0.0517,12.77,66.61,9.12,63.87,23.72
td_Brown_040919,TD,168,614,0.0833,22.8,0.0655,17.92,68.4,16.29,35.83,19.54
td_Brown_041006,TD,269,1021,0.052,13.71,0.0409,10.77,61.7,19.59,30.36,6.86
td_Brown_041021,TD,234,772,0.0427,12.95,0.0214,6.48,60.88,14.25,53.11,10.36
td_Brown_041027,TD,246,1036,0.0732,17.37,0.061,14.48,63.71,22.2,37.64,11.58
td_Brown_041104,TD,203,744,0.064,17.47,0.0345,9.41,55.11,5.38,52.42,28.23
td_Brown_041113,TD,230,1038,0.1391,30.83,0.0739,16.38,64.55,13.49,30.83,9.63
td_Brown_041119,TD,246,848,0.0569,16.51,0.0407,11.79,60.14,20.05,43.63,15.33
td_Brown_041126,TD,198,679,0.0657,19.15,0.0202,5.89,50.07,38.29,47.13,14.73
td_Brown_050002,TD,234,837,0.0513,14.34,0.0342,9.56,44.21,16.73,46.59,10.75
td_Brown_050010,TD,231,873,0.0346,9.16,0.0303,8.02,56.13,16.04,46.96,10.31
td_Brown_050016,TD,257,997,0.0661,17.05,0.0623,16.05,63.19,31.09,57.17,18.05
td_Brown_050025,TD,254,977,0.1339,34.8,0.0197,5.12,44.01,27.64,48.11,8.19
td_Providence_010111,TD,208,310,0.0,0.0,0.1683,112.9,0.0,0.0,6.45,0.0
td_Providence_010228,TD,509,629,0.0,0.0,0.1159,93.8,6.36,1.59,3.18,0.0
td_Providence_010307,TD,447,759,0.0,0.0,0.1544,90.91,1.32,0.0,0.0,0.0
td_Providence_010313,TD,538,775,0.0,0.0,0.0093,6.45,0.0,0.0,0.0,0.0
td_Providence_010325,TD,595,1350,0.0,0.0,0.1513,66.67,12.59,0.0,0.74,0.74
td_Providence_010400,TD,625,1013,0.0016,0.99,0.1008,62.19,2.96,2.96,11.85,0.0
td_Providence_010410,TD,600,1245,0.0067,3.21,0.05,24.1,0.0,0.0,0.0,0.0
td_Providence_010411,TD,503,880,0.0,0.0,0.2167,123.86,0.0,3.41,1.14,0.0
td_Providence_010423,TD,449,1213,0.0022,0.82,0.0824,30.5,0.82,0.0,4.12,1.65
td_Providence_010426,TD,359,575,0.0,0.0,0.1253,78.26,1.74,8.7,1.74,0.0
td_Providence_010502,TD,437,1426,0.0,0.0,0.2609,79.94,0.7,0.0,5.61,0.0
td_Providence_010508,TD,476,700,0.0,0.0,0.0168,11.43,1.43,1.43,0.0,0.0
td_Providence_010511,TD,565,1630,0.0018,0.61,0.0779,26.99,0.61,0.61,5.52,0.0
td_Providence_010517,TD,592,1213,0.0034,1.65,0.0861,42.04,4.95,0.82,12.37,4.12
td_Providence_010521,TD,533,704,0.0,0.0,0.0356,26.99,0.0,0.0,0.0,0.0
td_Providence_010524,TD,368,770,0.0,0.0,0.2582,123.38,0.0,0.0,3.9,0.0
td_Providence_010602,TD,693,1127,0.0,0.0,0.062,38.15,3.55,7.1,11.54,1.77
td_Providence_010604,TD,542,1323,0.0,0.0,0.3118,127.74,5.29,1.51,6.8,0.76
td_Providence_010609,TD,549,1515,0.0036,1.32,0.2441,88.45,5.28,1.32,10.56,0.0
td_Providence_010620,TD,769,1625,0.0,0.0,0.0533,25.23,0.62,8.0,17.85,0.0
td_Providence_010700,TD,514,1068,0.0097,4.68,0.1868,89.89,5.62,13.11,27.15,0.94
td_Providence_010704,TD,487,740,0.0,0.0,0.3388,222.97,0.0,0.0,0.0,0.0
td_Providence_010710,TD,579,1517,0.0035,1.32,0.2366,90.31,2.64,3.3,31.64,0.66
td_Providence_010714,TD,444,949,0.0293,13.7,0.0946,44.26,10.54,4.21,32.67,6.32
td_Providence_010717,TD,423,1185,0.0,0.0,0.078,27.85,1.69,2.53,52.32,0.84
td_Providence_010726,TD,455,1093,0.0044,1.83,0.0088,3.66,7.32,3.66,33.85,0.0
td_Providence_010801,TD,497,1281,0.002,0.78,0.1348,52.3,1.56,6.25,35.91,0.78
td_Providence_010804,TD,537,1286,0.0,0.0,0.0056,2.33,7.78,6.22,16.33,0.78
td_Providence_010805,TD,306,500,0.0065,4.0,0.232,142.0,4.0,0.0,0.0,0.0
td_Providence_010808,TD,622,1772,0.0,0.0,0.3344,117.38,2.26,2.82,35.55,0.56
td_Providence_010811,TD,373,653,0.0,0.0,0.0429,24.5,0.0,0.0,4.59,0.0
td_Providence_010814,TD,651,1246,0.0,0.0,0.1951,101.93,0.0,0.0,0.0,0.0
td_Providence_010818,TD,547,1417,0.011,4.23,0.1152,44.46,0.0,0.71,33.87,0.71
td_Providence_010822,TD,240,370,0.0,0.0,0.2708,175.68,13.51,0.0,0.0,5.41
td_Providence_010825,TD,521,799,0.0,0.0,0.2322,151.44,0.0,0.0,1.25,0.0
td_Providence_010907,TD,443,799,0.0045,2.5,0.1761,97.62,0.0,1.25,2.5,1.25
td_Providence_010908,TD,468,1266,0.0021,0.79,0.4167,154.03,8.69,0.79,22.91,1.58
td_Providence_010915,TD,372,1011,0.0,0.0,0.1694,62.31,1.98,0.0,15.83,0.0
td_Providence_010921,TD,495,1639,0.004,1.22,0.1939,58.57,10.37,7.93,18.3,4.88
td_Providence_010925,TD,553,1974,0.0036,1.01,0.3201,89.67,6.08,4.05,46.61,0.51
td_Providence_010926,TD,434,1325,0.0023,0.75,0.4516,147.92,11.32,20.38,41.51,1.51
td_Providence_010927,TD,433,640,0.0046,3.12,0.2425,164.06,1.56,0.0,18.75,0.0
td_Providence_011005,TD,466,1557,0.0064,1.93,0.0687,20.55,12.2,2.57,37.89,1.28
td_Providence_011011,TD,462,1566,0.0108,3.19,0.2619,77.27,8.94,40.87,63.86,1.28
td_Providence_011018,TD,498,1973,0.002,0.51,0.0261,6.59,4.05,2.03,59.3,11.66
td_Providence_011023,TD,445,1412,0.009,2.83,0.2539,80.03,19.83,24.08,26.2,6.37
td_Providence_011027,TD,610,1691,0.0082,2.96,0.3295,118.86,7.1,11.24,27.79,5.32
td_Providence_011103,TD,583,809,0.0051,3.71,0.3293,237.33,1.24,0.0,2.47,1.24
td_Providence_011107,TD,462,1875,0.0108,2.67,0.1861,45.87,25.6,5.33,39.47,17.6
td_Providence_011110,TD,263,850,0.0076,2.35,0.0722,22.35,30.59,22.35,41.18,8.24
td_Providence_011115,TD,419,764,0.0024,1.31,0.2506,137.43,30.1,3.93,14.4,15.71
td_Providence_011117,TD,407,619,0.0025,1.62,0.2236,147.01,17.77,8.08,9.69,0.0
td_Providence_011121,TD,452,1296,0.0066,2.31,0.1615,56.33,13.89,10.03,48.61,0.77
td_Providence_011122,TD,354,1150,0.0028,0.87,0.0932,28.7,24.35,10.43,64.35,14.78
td_Providence_011126,TD,484,1763,0.0,0.0,0.2996,82.25,6.24,2.84,48.21,3.97
td_Providence_011128,TD,360,652,0.0139,7.67,0.2306,127.3,24.54,6.13,15.34,10.74
td_Providence_020012,TD,425,1366,0.0047,1.46,0.3835,119.33,14.64,9.52,39.53,12.45
td_Providence_020013,TD,446,1157,0.0022,0.86,0.1637,63.09,38.03,11.24,7.78,1.73
td_Providence_020017,TD,391,1303,0.0128,3.84,0.1304,39.14,29.16,3.84,52.95,19.19
td_Providence_020023,TD,505,1274,0.0376,14.91,0.0752,29.83,16.48,0.78,20.41,7.06
td_Providence_020025,TD,360,1140,0.0056,1.75,0.0194,6.14,10.53,7.02,28.07,5.26
td_Providence_020027,TD,286,905,0.0035,1.1,0.2098,66.3,67.4,27.62,15.47,7.73
td_Providence_020028,TD,437,725,0.032,19.31,0.2426,146.21,17.93,1.38,37.24,11.03
td_Providence_020100,TD,537,1809,0.0149,4.42,0.0875,25.98,21.01,16.03,50.86,13.27
td_Providence_020101,TD,426,1095,0.0235,9.13,0.0141,5.48,52.97,3.65,16.44,21.92
td_Providence_020102,TD,400,726,0.0,0.0,0.06,33.06,11.02,0.0,4.13,6.89
td_Providence_020108,TD,431,988,0.0534,23.28,0.2297,100.2,21.26,0.0,20.24,11.13
td_Providence_020110,TD,585,2114,0.0068,1.89,0.1197,33.11,21.76,15.14,31.22,17.5
td_Providence_020115,TD,495,1496,0.0283,9.36,0.1232,40.78,44.79,12.7,25.4,10.7
td_Providence_020119,TD,441,1249,0.0091,3.2,0.2018,71.26,55.24,8.81,33.63,8.01
td_Providence_020122,TD,510,1638,0.0196,6.11,0.7608,236.87,17.7,7.94,74.48,3.66
td_Providence_020123,TD,443,1115,0.0248,9.87,0.0564,22.42,43.95,1.79,7.17,15.25
td_Providence_020124,TD,247,1447,0.0243,4.15,0.0567,9.68,22.11,13.82,50.45,12.44
td_Providence_020127,TD,599,1175,0.0184,9.36,0.1352,68.94,23.83,5.11,45.11,0.85
td_Providence_020202,TD,657,2747,0.0015,0.36,0.2892,69.17,62.25,28.39,43.68,47.69
td_Providence_020208,TD,322,785,0.0093,3.82,0.1553,63.69,14.01,5.1,48.41,3.82
td_Providence_020209,TD,479,994,0.0084,4.02,0.2902,139.84,35.21,2.01,23.14,6.04
td_Providence_020215a,TD,391,1207,0.0256,8.29,0.0921,29.83,45.57,17.4,25.68,8.29
td_Providence_020215b,TD,451,1378,0.0377,12.34,0.0599,19.59,36.28,11.61,24.67,7.26
td_Providence_020217,TD,545,2183,0.0147,3.66,0.1706,42.6,34.81,13.28,56.8,34.81
td_Providence_020221,TD,458,642,0.0175,12.46,0.5677,404.98,10.9,0.0,10.9,4.67
td_Providence_020222,TD,481,1181,0.0083,3.39,0.4116,167.65,14.39,22.86,53.34,0.85
td_Providence_020300,TD,565,1167,0.0,0.0,0.0956,46.27,5.14,0.86,1.71,0.0
td_Providence_020305,TD,392,969,0.0051,2.06,0.2168,87.72,21.67,20.64,14.45,5.16
td_Providence_020306,TD,223,1156,0.0179,3.46,0.0179,3.46,49.31,50.17,59.69,29.41
td_Providence_020307,TD,547,1103,0.0402,19.95,0.1097,54.4,57.12,9.07,21.76,1.81
td_Providence_020312,TD,279,824,0.0573,19.42,0.1183,40.05,43.69,19.42,42.48,8.5
td_Providence_020314,TD,567,908,0.0,0.0,0.0741,46.26,0.0,0.0,0.0,0.0
td_Providence_020316,TD,417,1384,0.0096,2.89,0.2014,60.69,22.4,16.62,36.85,8.67
td_Providence_020317,TD,467,1708,0.0385,10.54,0.1135,31.03,42.15,11.71,46.84,7.61
td_Providence_020319,TD,425,1101,0.0212,8.17,0.5765,222.52,22.71,8.17,31.79,4.54
td_Providence_020324,TD,591,2617,0.0169,3.82,0.1827,41.27,20.63,27.51,35.92,6.5
td_Providence_020402,TD,466,1651,0.0193,5.45,0.5665,159.9,18.78,9.09,58.15,4.85
td_Providence_020403,TD,561,1453,0.0089,3.44,0.0891,34.41,30.97,13.08,41.29,10.32
td_Providence_020409,TD,479,1658,0.0271,7.84,0.0626,18.09,48.25,15.68,51.87,5.43
td_Providence_020411,TD,439,1699,0.0023,0.59,0.3713,95.94,4.71,3.53,45.91,9.42
td_Providence_020416,TD,239,937,0.0084,2.13,0.0377,9.61,13.87,42.69,40.55,12.81
td_Providence_020419,TD,467,1323,0.0107,3.78,0.3555,125.47,18.14,22.68,65.0,6.8
td_Providence_020424,TD,743,2564,0.0054,1.56,0.2423,70.2,33.15,9.75,43.29,8.19
td_Providence_020427,TD,442,1762,0.0158,3.97,0.0679,17.03,27.81,5.68,22.13,9.65
td_Providence_020428,TD,479,1595,0.0104,3.13,0.2589,77.74,51.41,10.03,52.66,3.13
td_Providence_020500,TD,482,1437,0.0145,4.87,0.3216,107.86,22.96,17.4,50.8,11.13
td_Providence_020501,TD,564,1630,0.0248,8.59,0.1241,42.94,34.97,10.43,38.04,1.84
td_Providence_020506,TD,353,1408,0.0283,7.1,0.6459,161.93,45.45,12.07,47.59,7.1
td_Providence_020507,TD,223,893,0.0224,5.6,0.3991,99.66,71.67,2.24,30.24,19.04
td_Providence_020514,TD,503,2145,0.004,0.93,0.3698,86.71,62.0,3.73,39.63,10.26
td_Providence_020515,TD,536,1395,0.0075,2.87,0.5187,199.28,12.9,12.19,33.69,2.15
td_Providence_020516,TD,477,1111,0.0252,10.8,0.0482,20.7,30.6,11.7,22.5,12.6
td_Providence_020519,TD,747,3052,0.008,1.97,0.3119,76.34,62.58,5.24,30.8,10.48
td_Providence_020523,TD,674,1427,0.0119,5.61,0.1706,80.59,7.71,2.1,12.61,2.8
td_Providence_020527,TD,436,1394,0.0206,6.46,0.3739,116.93,45.19,11.48,19.37,10.04
td_Providence_020611,TD,519,1670,0.0077,2.4,0.4258,132.34,3.59,11.98,38.32,0.6
td_Providence_020612,TD,446,1413,0.0135,4.25,0.2063,65.11,30.43,13.45,48.83,7.08
td_Providence_020616,TD,394,1376,0.0381,10.9,0.4315,123.55,46.51,23.26,27.62,4.36
td_Providence_020618,TD,214,645,0.0467,15.5,0.486,161.24,41.86,29.46,58.91,7.75
td_Providence_020620,TD,645,1726,0.0078,2.9,0.4264,159.33,13.33,4.06,18.54,2.32
td_Providence_020625,TD,519,1928,0.0328,8.82,0.4528,121.89,36.83,12.97,53.94,7.26
td_Providence_020626,TD,413,1111,0.0073,2.7,0.4818,179.12,7.2,3.6,18.0,3.6
td_Providence_020700,TD,699,2987,0.0758,17.74,0.2361,55.24,45.2,22.77,41.51,6.36
td_Providence_020701,TD,365,1283,0.0055,1.56,0.4137,117.69,54.56,23.38,28.84,14.03
td_Providence_020703,TD,449,1538,0.0401,11.7,0.1002,29.26,27.96,13.0,47.46,14.95
td_Providence_020705,TD,433,1051,0.0508,20.93,0.3326,137.01,6.66,0.95,20.93,0.0
td_Providence_020707,TD,445,1635,0.0697,18.96,0.2697,73.39,49.54,23.24,20.18,5.5
td_Providence_020708,TD,426,1163,0.0094,3.44,0.2324,85.12,62.77,8.6,61.91,12.9
td_Providence_020709,TD,469,1414,0.0256,8.49,0.339,112.45,12.02,9.9,28.29,2.83
td_Providence_020713,TD,592,2178,0.0338,9.18,0.2078,56.47,30.76,11.02,40.86,4.59
td_Providence_020716,TD,465,1498,0.0237,7.34,0.1634,50.73,68.09,21.36,38.72,9.35
td_Providence_020720,TD,429,1246,0.0396,13.64,0.2028,69.82,41.73,7.22,33.71,8.83
td_Providence_020725,TD,440,1457,0.0386,11.67,0.2977,89.91,25.39,19.9,51.48,4.8
td_Providence_020726,TD,589,1439,0.0085,3.47,0.365,149.41,28.49,10.42,39.61,12.51
td_Providence_020727,TD,447,1706,0.0738,19.34,0.2125,55.69,28.72,17.0,35.17,9.96
td_Providence_020806,TD,622,2064,0.0305,9.21,0.254,76.55,67.83,18.41,48.93,13.57
td_Providence_020807,TD,403,1015,0.0199,7.88,0.2854,113.3,30.54,5.91,24.63,6.9
td_Providence_020808,TD,481,1522,0.0208,6.57,0.1414,44.68,22.34,5.26,38.76,6.57
td_Providence_020810,TD,571,1563,0.0193,7.04,0.2154,78.69,13.44,8.32,26.87,0.0
td_Providence_020811,TD,383,1303,0.0261,7.67,0.1384,40.68,39.14,13.05,35.3,12.28
td_Providence_020813,TD,514,1661,0.0272,8.43,0.1732,53.58,54.79,24.68,51.17,13.85
td_Providence_020816,TD,700,1473,0.0086,4.07,0.3157,150.03,10.18,32.59,8.83,6.79
td_Providence_020819,TD,434,1485,0.0046,1.35,0.3502,102.36,30.3,10.77,49.83,9.43
td_Providence_020822,TD,371,1103,0.0404,13.6,0.2264,76.16,88.85,19.04,26.29,16.32
td_Providence_020828,TD,536,1188,0.0541,24.41,0.3657,164.98,14.31,6.73,9.26,7.58
td_Providence_020900,TD,631,2305,0.0745,20.39,0.1569,42.95,11.71,6.07,69.41,1.3
td_Providence_020904,TD,458,1276,0.0218,7.84,0.1572,56.43,44.67,11.76,31.35,14.89
td_Providence_020905,TD,697,1752,0.0201,7.99,0.1894,75.34,39.38,8.56,71.35,5.71
td_Providence_020907,TD,581,1893,0.0688,21.13,0.2083,63.92,17.43,2.64,54.94,3.17
td_Providence_020908,TD,512,1424,0.0684,24.58,0.2617,94.1,51.26,12.64,44.24,2.11
td_Providence_020909,TD,420,1208,0.0048,1.66,0.1905,66.23,34.77,14.9,29.8,6.62
td_Providence_020917,TD,627,2622,0.0255,6.1,0.3652,87.34,47.29,21.36,25.17,8.39
td_Providence_020920,TD,537,1903,0.0484,13.66,0.1788,50.45,10.51,12.61,55.7,0.53
td_Providence_020926,TD,791,1896,0.024,10.02,0.2162,90.19,9.49,5.27,15.82,0.0
td_Providence_021001,TD,564,2524,0.0106,2.38,0.3688,82.41,40.02,7.13,39.22,11.49
td_Providence_021002,TD,486,1665,0.0514,15.02,0.428,124.92,90.69,16.22,24.02,20.42
td_Providence_021008,TD,479,1862,0.023,5.91,0.1733,44.58,28.46,13.43,51.56,4.3
td_Providence_021008a,TD,274,1778,0.0292,4.5,0.6788,104.61,25.87,11.81,40.49,3.94
td_Providence_021008b,TD,418,2468,0.0431,7.29,0.5311,89.95,53.89,19.45,36.47,13.78
td_Providence_021011,TD,611,1652,0.0098,3.63,0.239,88.38,24.21,4.84,24.82,0.0
td_Providence_021016,TD,303,793,0.0198,7.57,0.3927,150.06,20.18,20.18,21.44,5.04
td_Providence_021018,TD,550,1953,0.0182,5.12,0.3164,89.09,6.14,4.1,36.35,1.02
td_Providence_021025,TD,337,1017,0.0326,10.82,0.2136,70.8,40.31,18.68,50.15,7.87
td_Providence_021027,TD,421,3337,0.0879,11.09,0.5487,69.22,38.36,15.88,36.86,3.0
td_Providence_021028,TD,368,1142,0.0299,9.63,0.3533,113.84,45.53,10.51,9.63,15.76
td_Providence_021100,TD,373,812,0.0617,28.33,0.2225,102.22,49.26,7.39,20.94,16.01
td_Providence_021101,TD,521,1726,0.0077,2.32,0.3205,96.76,6.95,11.59,31.87,2.9
td_Providence_021114,TD,482,2820,0.0332,5.67,0.1037,17.73,27.3,15.96,43.26,2.13
td_Providence_021122,TD,661,1304,0.0076,3.83,0.4009,203.22,19.17,9.2,21.47,3.07
td_Providence_021123,TD,477,2316,0.0189,3.89,0.2369,48.79,44.47,22.02,32.82,3.45
td_Providence_021125,TD,616,1779,0.0179,6.18,0.0406,14.05,34.29,19.11,39.91,8.43
td_Providence_021126,TD,290,883,0.031,10.19,0.4345,142.7,16.99,12.46,40.77,0.0
td_Providence_030000,TD,626,2959,0.016,3.38,0.2396,50.69,20.95,10.14,26.02,8.79
td_Providence_030003,TD,491,1434,0.002,0.7,0.1039,35.56,29.29,11.85,53.0,8.37
td_Providence_030006,TD,784,2379,0.0166,5.46,0.611,201.35,20.6,5.04,54.22,1.68
td_Providence_030010,TD,646,1998,0.0046,1.5,0.1223,39.54,31.53,15.52,32.53,3.0
td_Providence_030011,TD,572,1741,0.0367,12.06,0.1713,56.29,43.65,22.4,39.06,10.91
td_Providence_030025,TD,442,1230,0.0158,5.69,0.0747,26.83,34.96,21.95,29.27,7.32
td_Providence_030028,TD,596,1895,0.0587,18.47,0.1141,35.88,71.77,17.94,33.77,21.64
td_Providence_030100,TD,497,1549,0.0262,8.39,0.1207,38.73,16.79,20.66,54.23,5.16
td_Providence_030103,TD,556,1364,0.0054,2.2,0.295,120.23,14.66,0.0,19.06,0.73
td_Providence_030119,TD,374,982,0.016,6.11,0.2139,81.47,35.64,6.11,27.49,10.18
td_Providence_030121,TD,629,2093,0.0175,5.26,0.0906,27.23,61.16,13.38,47.3,8.12
td_Providence_030125,TD,661,1618,0.0348,14.22,0.2405,98.27,45.74,25.96,32.76,24.1
td_Providence_030219,TD,515,2453,0.0757,15.9,0.0893,18.75,70.93,8.56,37.91,36.69
td_Providence_030301,TD,722,1645,0.0194,8.51,0.5679,249.24,15.2,4.86,6.08,0.0
td_Providence_030305,TD,610,2145,0.0393,11.19,0.1607,45.69,78.79,18.65,30.3,26.57
td_Providence_030313,TD,479,1374,0.0146,5.09,0.2944,102.62,32.75,5.82,31.3,6.55
td_Providence_030323,TD,603,1809,0.0431,14.37,0.0912,30.4,50.3,43.67,53.62,12.16
td_Providence_030325,TD,456,1926,0.0417,9.87,0.1316,31.15,51.92,33.23,58.15,16.61
td_Providence_030327,TD,686,1904,0.019,6.83,0.309,111.34,17.86,21.53,13.66,3.68
td_Providence_030400,TD,427,978,0.0187,8.18,0.6347,277.1,46.01,23.52,15.34,20.45
td_Providence_030418,TD,805,2608,0.0224,6.9,0.1776,54.83,51.0,22.62,36.81,8.44
td_Providence_030420,TD,668,2039,0.0374,12.26,0.1751,57.38,41.69,38.74,33.35,9.32
td_Providence_030528,TD,546,1652,0.0458,15.13,0.0513,16.95,42.98,12.11,52.06,9.08
td_Providence_030600,TD,455,1159,0.0154,6.04,0.4967,195.0,40.55,10.35,27.61,11.22
td_Providence_030621,TD,258,745,0.0969,33.56,0.2636,91.28,25.5,9.4,24.16,14.77
td_Providence_030623,TD,467,2549,0.0364,6.67,0.1435,26.28,24.72,19.62,29.82,10.98
td_Providence_030722,TD,316,1039,0.0316,9.62,0.6519,198.27,63.52,22.14,16.36,8.66
td_Providence_030725,TD,701,2709,0.0556,14.4,0.1912,49.46,52.05,22.89,34.33,17.72
td_Providence_030823,TD,317,1212,0.0473,12.38,0.2618,68.48,59.41,25.58,28.88,6.6
td_Providence_030927a,TD,544,1638,0.0294,9.77,0.4191,139.19,45.79,20.76,44.57,15.87
td_Providence_030927b,TD,455,1402,0.0286,9.27,0.2484,80.6,64.19,15.69,52.78,4.99
td_Providence_031018,TD,278,955,0.0468,13.61,0.3094,90.05,64.92,16.75,33.51,12.57
td_Providence_031025,TD,596,2138,0.0537,14.97,0.2466,68.76,64.55,35.55,44.9,20.58
td_Providence_031124,TD,254,888,0.0394,11.26,0.5,143.02,63.06,14.64,25.9,13.51
td_Providence_040002,TD,531,1603,0.032,10.61,0.3729,123.52,41.17,19.96,36.18,16.22
td_Sachs_010616,TD,563,926,0.0071,4.32,0.0782,47.52,1.08,2.16,9.72,0.0
td_Sachs_010800,TD,201,314,0.0,0.0,0.0647,41.4,9.55,0.0,0.0,3.18
td_Sachs_010806,TD,172,256,0.0,0.0,0.0116,7.81,0.0,0.0,3.91,0.0
td_Sachs_011003,TD,192,295,0.0,0.0,0.0417,27.12,16.95,3.39,40.68,16.95
td_Sachs_011010a,TD,183,312,0.0,0.0,0.0219,12.82,19.23,0.0,3.21,3.21
td_Sachs_011010b,TD,250,401,0.012,7.48,0.068,42.39,0.0,0.0,4.99,0.0
td_Sachs_011011,TD,247,448,0.0081,4.46,0.0891,49.11,46.88,2.23,58.04,0.0
td_Sachs_011018,TD,465,887,0.0043,2.25,0.0473,24.8,67.64,1.13,56.37,24.8
td_Sachs_011102,TD,172,361,0.0,0.0,0.0756,36.01,47.09,0.0,44.32,5.54
td_Sachs_011106,TD,248,636,0.0,0.0,0.0161,6.29,40.88,3.14,48.74,22.01
td_Sachs_011121,TD,218,510,0.0092,3.92,0.0596,25.49,35.29,25.49,29.41,31.37
td_Sachs_020018,TD,632,1430,0.0095,4.2,0.2468,109.09,43.36,3.5,34.27,5.59
td_Sachs_020109,TD,216,501,0.0,0.0,0.1991,85.83,61.88,19.96,17.96,11.98
td_Sachs_020225,TD,232,612,0.0,0.0,0.0948,35.95,102.94,0.0,32.68,44.12
td_Sachs_020405,TD,228,664,0.0702,24.1,0.1184,40.66,76.81,13.55,63.25,7.53
td_Sachs_020430,TD,222,700,0.0541,17.14,0.3198,101.43,50.0,17.14,42.86,8.57
td_Sachs_020508,TD,446,1487,0.0336,10.09,0.1547,46.4,51.11,22.86,49.09,10.76
td_Sachs_020716,TD,514,1570,0.0019,0.64,0.1848,60.51,9.55,4.46,35.67,0.0
td_Sachs_020814,TD,434,1265,0.0184,6.32,0.1221,41.9,67.98,23.72,35.57,19.76
td_Sachs_020823,TD,248,739,0.0645,21.65,0.1008,33.83,54.13,23.0,31.12,9.47
td_Sachs_020909,TD,201,710,0.0448,12.68,0.0547,15.49,85.92,14.08,45.07,1.41
td_Sachs_021108,TD,181,493,0.0884,32.45,0.1436,52.74,75.05,14.2,10.14,12.17
td_Sachs_021112,TD,394,1386,0.0406,11.54,0.0635,18.04,77.2,15.87,36.8,20.2
td_Sachs_021113,TD,331,1209,0.0242,6.62,0.142,38.88,47.15,29.78,17.37,10.75
td_Sachs_030210,TD,270,829,0.0333,10.86,0.0815,26.54,92.88,10.86,36.19,37.39
td_Sachs_030327,TD,341,1337,0.0176,4.49,0.085,21.69,47.87,9.72,35.15,19.45
td_Sachs_030400,TD,283,1104,0.0848,21.74,0.0459,11.78,77.9,19.93,37.14,9.96
td_Sachs_030418,TD,193,683,0.1192,33.67,0.1554,43.92,77.6,5.86,33.67,20.5
td_Sachs_030507,TD,478,1584,0.0941,28.41,0.1464,44.19,32.83,42.3,69.44,15.15
td_Sachs_030819,TD,195,543,0.1128,40.52,0.0051,1.84,84.71,23.94,36.83,23.94
