start,end,text,assigned,overlap_ratio,overlap_sec
0.0,7.0,痛くない?痛くない?痛くないよ?,CHI,0.3534821428571429,2.474375
7.0,9.0,ちょっと痛いかな?,CHI,0.26687499999999886,0.5337499999999977
10.0,13.0,僕は大丈夫ですけども,MOT,0.3338437499999998,1.0015312499999993
16.0,20.0,もしそこにおいたら気にすると思います今,MOT,0.7305390625000001,2.9221562500000005
20.0,24.0,マイク?なんか素晴らしい,CHI,1.0,4.0
25.0,27.0,あ、何も嫌いよこれ,CHI,1.0,2.0
28.0,30.0,この子慣れるんですよ,MOT,0.8470468750000002,1.6940937500000004
32.0,35.0,これ細かいのが一回子供が気にする,MOT,0.980739583333334,2.942218750000002
43.0,45.0,アクラーですか?,MOT,0.7226406250000004,1.4452812500000007
45.0,46.0,音が…,CHI,1.0,1.0
51.0,53.0,先輩と今だけで来たらいいですか?,CHI,1.0,2.0
53.0,56.0,いやいやいや、寸子が来ていいです,MOT,0.6672916666666685,2.0018750000000054
56.0,59.0,すみません、コンセント入れてもらいますか?,CHI,0.8051145833333351,2.4153437500000052
61.0,63.0,抜いてんでいちいち,CHI,0.7326718750000012,1.4653437500000024
64.0,68.0,そのほうが電気内の接続になるんちゃう,CHI,1.0,4.0
69.0,71.0,でも大変ですよね,MOT,0.9482656249999977,1.8965312499999953
74.0,77.0,ちょっとさ、やつに向こうに置いてみますね,MOT,0.8529166666666678,2.5587500000000034
78.0,81.0,人間の耳だと気にならないんですけどね,MOT,1.0,3.0
82.0,84.0,あ、面白いよな,CHI,0.536875000000002,1.073750000000004
85.0,91.0,人間の耳って実際の音の大きさとは違って自分の聞きたい音が聞きました,MOT,0.5725468749999981,3.4352812499999885
93.0,97.0,そういう風にできてるんですね耳が聞くって言うのも脳が聞いてるんですけど,MOT,0.6688359375000026,2.6753437500000103
99.0,101.0,何よ?嫌いよこれ,CHI,0.499203124999994,0.998406249999988
103.0,105.0,開けられなさい,CHI,0.0,0.0
106.0,108.0,何?これ?,CHI,0.26687499999999886,0.5337499999999977
112.0,114.0,ちょっと怖いでる,CHI,0.3932968750000043,0.7865937500000086
115.0,117.0,これやったら一味,CHI,0.8801406249999957,1.7602812499999914
117.0,119.0,うちぐちゅんなる,CHI,0.6887499999999989,1.3774999999999977
121.0,123.0,いやいやいや,CHI,0.8461093750000046,1.6922187500000092
126.0,130.0,録音したのを後で聞くとテープちゃんのビデオにもされていません,MOT,0.5272734374999999,2.1090937499999995
130.0,134.0,録音した時はこんな感じで音してなかったらいいです,MOT,0.5852265624999973,2.340906249999989
137.0,139.0,あとからね,CHI,0.7520468750000049,1.5040937500000098
139.0,141.0,あ、何?帽子?,CHI,1.0,2.0
141.0,144.0,これかつらじゃないからね取れませんよ,CHI,0.9298854166666596,2.789656249999979
144.0,147.0,これどうやって取るんですか?下のアイジアンの,CHI,0.170531250000001,0.511593750000003
149.0,151.0,うちみちゃんの表のあれでしょ?,CHI,0.08454687500000091,0.16909375000000182
151.0,153.0,なんかヘラみたいなの取るんだね,CHI,0.8745156250000008,1.7490312500000016
153.0,154.0,これじゃあ,CHI,1.0,1.0
154.0,155.0,いや、大丈夫ですか?,CHI,0.3328437500000234,0.3328437500000234
155.0,157.0,それ取れるかな?,CHI,0.0,0.0
158.0,159.0,これ取れるんですか?,CHI,0.0,0.0
159.0,160.0,うん、そうなんだよ,CHI,0.7502812500000005,0.7502812500000005
161.0,163.0,うちも買ってきた気が使ってない,MOT,1.0,2.0
163.0,166.0,結構、なってもいいけど買ってきてから,CHI,0.5963437499999978,1.7890312499999936
166.0,168.0,でも、昨日かな?,MOT,0.822953124999998,1.645906249999996
168.0,171.0,兄ちゃん、テレビのコードが外れてて,MOT,0.92426041666666,2.77278124999998
171.0,174.0,それを持ってて、テレビのコードが外れてて,MOT,0.6361354166666615,1.9084062499999845
174.0,177.0,それを持ってコンセントに入れようとしてたから,MOT,0.8486354166666672,2.5459062500000016
181.0,183.0,一応やることがわかってるね,CHI,0.9654531249999962,1.9309062499999925
183.0,185.0,口に持っていくけど,CHI,0.6803124999999994,1.3606249999999989
192.0,194.0,あ、そうや、母さんこれテーションだそうと思ってた,CHI,1.0,2.0
197.0,200.0,よし、すいません時間かかって,MOT,0.4040520833333308,1.2121562499999925
200.0,207.0,あれから、あの、2回だな?,MOT,0.3945044642857129,2.7615312499999902
207.0,209.0,他のお客にやって,MOT,0.7393749999999955,1.478749999999991
209.0,211.0,お母さんにとか寄せて,CHI,0.6550000000000011,1.3100000000000023
214.0,216.0,あ、あ、あ、じゃないみちみ,CHI,1.0,2.0
216.0,217.0,これ,CHI,1.0,1.0
217.0,218.0,あらら,MOT,0.8334687500000086,0.8334687500000086
218.0,220.0,あ、あ、じゃないよこれ,CHI,0.9198281249999951,1.8396562499999902
221.0,223.0,あ、あ、もう,CHI,1.0,2.0
224.0,225.0,え?,CHI,0.0,0.0
227.0,230.0,どうすんの?ババいよ、そんなの,CHI,1.0,3.0
231.0,233.0,これ、ないないしたかな、顔の,CHI,1.0,2.0
233.0,234.0,ババいよ、ろ?,CHI,0.8377812499999777,0.8377812499999777
235.0,236.0,ババいよ,CHI,0.998406249999988,0.998406249999988
237.0,239.0,はい、こっち入れて,CHI,0.8743750000000006,1.7487500000000011
240.0,241.0,ないないして、ゴミ,CHI,1.0,1.0
241.0,242.0,ないないして,CHI,0.8727812499999743,0.8727812499999743
245.0,246.0,ないない,CHI,0.8965937500000223,0.8965937500000223
247.0,249.0,これあるよ、こんな形して,CHI,1.0,2.0
250.0,252.0,あ、あ、リコーさんだな,CHI,0.846390624999998,1.692781249999996
252.0,254.0,あ、リコーさんだな,CHI,0.9814218750000094,1.9628437500000189
254.0,256.0,帽子は入れんでいいよ、帽子は入れんでいいの,CHI,0.9732656249999962,1.9465312499999925
257.0,258.0,入れんでいいの,CHI,0.6052812499999618,0.6052812499999618
261.0,262.0,帽子は入れんでいいの,CHI,1.0,1.0
264.0,266.0,帽子を人間さんにかぶせてて,CHI,1.0,2.0
267.0,269.0,帽子を人間さんにかぶせてて,CHI,0.9401718750000043,1.8803437500000086
275.0,277.0,ずるー、自分もね、ねして,CHI,1.0,2.0
280.0,281.0,まだですよ,CHI,0.5877812499999777,0.5877812499999777
281.0,282.0,じゃあ、もういいです,CHI,0.36784375000002,0.36784375000002
295.0,297.0,トラック、トラックは?,CHI,0.9717343750000111,1.9434687500000223
297.0,298.0,トラック,CHI,0.8646562499999959,0.8646562499999959
298.0,300.0,トラック、聞いてたね,CHI,1.0,2.0
300.0,303.0,ねえ、トラック、トラックは?,CHI,0.7642812500000105,2.2928437500000314
304.0,305.0,トラック,CHI,0.50715624999998,0.50715624999998
307.0,308.0,トラック、何これ?,CHI,1.0,1.0
310.0,311.0,トラック,CHI,0.0,0.0
313.0,314.0,トラック,CHI,0.9684062499999868,0.9684062499999868
314.0,315.0,これトラック?,CHI,0.9052812499999732,0.9052812499999732
316.0,317.0,これ消防車やん,CHI,0.7115312500000073,0.7115312500000073
317.0,319.0,消防車自動車,CHI,0.7313906249999889,1.4627812499999777
320.0,321.0,トラック、これやん,CHI,1.0,1.0
321.0,322.0,清掃車,CHI,1.0,1.0
325.0,326.0,トラック,CHI,1.0,1.0
326.0,327.0,トラック,CHI,0.9640937500000177,0.9640937500000177
327.0,328.0,これ電車やで,CHI,1.0,1.0
329.0,330.0,電車,CHI,0.4815312499999891,0.4815312499999891
331.0,332.0,トラック,CHI,0.9121562499999527,0.9121562499999527
332.0,334.0,これ飛行機やん、ぶーんよ,CHI,1.0,2.0
334.0,336.0,おそらたぶん飛行機やん、ぶーんって,CHI,1.0,2.0
336.0,337.0,トラック,CHI,0.5659687500000246,0.5659687500000246
337.0,339.0,これもトラックやね,CHI,1.0,2.0
339.0,341.0,消防車のトラック,CHI,0.9176718750000248,1.8353437500000496
342.0,344.0,消防車のトラック,CHI,0.6803124999999852,1.3606249999999704
345.0,346.0,トラック,CHI,0.5009062499999573,0.5009062499999573
346.0,348.0,うん、ダンプトラック,CHI,0.6070468750000089,1.2140937500000177
350.0,351.0,トラック,CHI,0.8422187500000291,0.8422187500000291
351.0,352.0,トラック,CHI,0.7802812499999732,0.7802812499999732
352.0,353.0,トラック,CHI,0.614093749999995,0.614093749999995
353.0,356.0,バスは道に、バス,CHI,0.5379166666666606,1.6137499999999818
357.0,358.0,バスは?,CHI,0.5702812499999936,0.5702812499999936
359.0,360.0,青船,CHI,1.0,1.0
360.0,361.0,青船,CHI,1.0,1.0
363.0,365.0,バスは?バス,CHI,0.8488906249999957,1.6977812499999914
368.0,370.0,バス前の方にあったんじゃね?,CHI,0.7248281249999877,1.4496562499999754
370.0,371.0,バス,CHI,1.0,1.0
371.0,372.0,いや、お菓子がいっついてる,CHI,1.0,1.0
372.0,373.0,これ,CHI,0.965343750000045,0.965343750000045
376.0,377.0,バス,CHI,0.9478437500000041,0.9478437500000041
377.0,378.0,バス,CHI,0.45528124999998454,0.45528124999998454
379.0,380.0,バス,CHI,0.7171562499999595,0.7171562499999595
380.0,382.0,バスやろ?,CHI,0.8354531249999866,1.6709062499999732
388.0,389.0,バスは?,CHI,1.0,1.0
395.0,396.0,キティちゃんはどこ?,CHI,0.8715312499999754,0.8715312499999754
396.0,397.0,ここ?,CHI,0.6072187500000155,0.6072187500000155
397.0,398.0,キティちゃん,CHI,0.6703437500000291,0.6703437500000291
398.0,399.0,うん,CHI,0.6990312499999618,0.6990312499999618
399.0,400.0,キティちゃんは?,CHI,0.5772187500000427,0.5772187500000427
402.0,403.0,キティちゃんは?,CHI,0.47971875000001774,0.47971875000001774
403.0,404.0,ここ,CHI,0.7790937500000155,0.7790937500000155
404.0,406.0,うん、これ電車よ,CHI,0.9273593750000089,1.8547187500000177
406.0,407.0,電車,CHI,0.7997187500000109,0.7997187500000109
411.0,412.0,キティちゃん,CHI,0.9972187500000018,0.9972187500000018
412.0,413.0,キティちゃんだ,CHI,0.8952812499999823,0.8952812499999823
413.0,414.0,じゃあ、パンダ教えて,CHI,1.0,1.0
414.0,415.0,パンダは?,CHI,1.0,1.0
415.0,416.0,パンダ,CHI,0.6384062499999459,0.6384062499999459
418.0,420.0,パンダさん、こんにちは,CHI,0.6436093750000111,1.2872187500000223
420.0,422.0,こんにちは,CHI,0.0,0.0
423.0,424.0,こんにちはって,CHI,0.0,0.0
425.0,426.0,こんにちは,CHI,0.0,0.0
427.0,428.0,パパ,CHI,0.28590624999998226,0.28590624999998226
428.0,429.0,パンダやん,CHI,0.9734687500000518,0.9734687500000518
429.0,430.0,パッコ,CHI,0.0,0.0
431.0,432.0,にゃんにゃん,CHI,0.5722187500000473,0.5722187500000473
432.0,433.0,パッコ,CHI,0.7197187500000268,0.7197187500000268
434.0,435.0,パンダ,CHI,0.559093750000045,0.559093750000045
436.0,437.0,パンダ,CHI,0.39846875000000637,0.39846875000000637
446.0,448.0,バス教えて、母さんのお菓子,CHI,1.0,2.0
448.0,449.0,バスは?,CHI,0.480968750000045,0.480968750000045
449.0,450.0,バス,CHI,1.0,1.0
451.0,452.0,パッコ,CHI,1.0,1.0
452.0,454.0,これトラック?,CHI,1.0,2.0
454.0,455.0,電車やろ?,CHI,1.0,1.0
456.0,457.0,飛行機は?,CHI,1.0,1.0
458.0,459.0,飛行機は?,CHI,0.8096562499999891,0.8096562499999891
461.0,463.0,飛行機のうちあったかな,CHI,1.0,2.0
463.0,464.0,ないね,CHI,0.6965312499999641,0.6965312499999641
470.0,471.0,パッパ,CHI,0.9971562499999891,0.9971562499999891
471.0,472.0,アイパンじゃないよ,CHI,1.0,1.0
475.0,476.0,あ、道見て,CHI,1.0,1.0
476.0,477.0,ほら,CHI,0.44284375000000864,0.44284375000000864
478.0,479.0,ちっちゃい絵本,CHI,1.0,1.0
479.0,480.0,ちっちゃい絵本,CHI,0.6153437500000223,0.6153437500000223
482.0,483.0,ボール,CHI,1.0,1.0
483.0,484.0,ボール,CHI,0.7502812499999436,0.7502812499999436
485.0,486.0,ボールは?,CHI,0.5902812499999754,0.5902812499999754
488.0,490.0,反対反対、こっちよ、こっち,CHI,0.7763906249999764,1.5527812499999527
492.0,493.0,ポンッタ,CHI,0.9803437500000314,0.9803437500000314
493.0,495.0,ソックスね、ソックス,CHI,1.0,2.0
497.0,498.0,卵や卵,CHI,1.0,1.0
499.0,500.0,卵さんが,CHI,1.0,1.0
500.0,502.0,マフラーを巻いてます,CHI,1.0,2.0
504.0,506.0,マフラー巻いてます,CHI,0.8113906249999729,1.6227812499999459
507.0,508.0,うん,CHI,0.7034062499999436,0.7034062499999436
510.0,511.0,パンダは?,CHI,0.9527812499999868,0.9527812499999868
511.0,512.0,パンダは?,CHI,0.9556249999999977,0.9556249999999977
512.0,513.0,あ、ガガがおったよ,CHI,1.0,1.0
513.0,514.0,ガガ,CHI,1.0,1.0
515.0,516.0,パンダ,CHI,0.4009062499999345,0.4009062499999345
517.0,519.0,それとラックやろ,CHI,0.8482656249999536,1.6965312499999072
520.0,522.0,あ、にゃんにゃんもいた,CHI,0.6971874999999272,1.3943749999998545
522.0,523.0,これは?,CHI,0.7352812500000709,0.7352812500000709
523.0,524.0,カルさんがガガやろ?,CHI,1.0,1.0
524.0,525.0,パンダ,CHI,0.6715937500000564,0.6715937500000564
525.0,526.0,お花,CHI,0.6165937499999927,0.6165937499999927
527.0,528.0,お花,CHI,0.9622187500001473,0.9622187500001473
528.0,529.0,パンダ,CHI,1.0,1.0
529.0,530.0,にゃんにゃんや,CHI,0.7509687500000837,0.7509687500000837
530.0,531.0,にゃんにゃん,CHI,0.8209062500000073,0.8209062500000073
532.0,533.0,にゃんにゃん,CHI,0.5765312500000164,0.5765312500000164
534.0,535.0,にゃんにゃん,CHI,0.6190312500000346,0.6190312500000346
536.0,537.0,にゃんにゃん,CHI,0.9228437500000837,0.9228437500000837
537.0,538.0,にゃんにゃん,CHI,0.7328437500000291,0.7328437500000291
538.0,539.0,にゃんにゃん,CHI,1.0,1.0
540.0,541.0,にゃんにゃん,CHI,0.9559687500000109,0.9559687500000109
544.0,545.0,にゃんにゃん,CHI,0.9215937500000564,0.9215937500000564
547.0,549.0,みちみ豚さんブーブーは?,CHI,0.9560781249999764,1.9121562499999527
549.0,550.0,ブーブー,CHI,0.9377812499999436,0.9377812499999436
550.0,552.0,豚さんブーブー,CHI,0.7263906250000218,1.4527812500000437
553.0,554.0,ブーブーだよ,CHI,1.0,1.0
555.0,556.0,だって,CHI,0.78909375000012,0.78909375000012
556.0,558.0,うん、これは車,CHI,0.7985781249999491,1.5971562499998981
558.0,559.0,ブーブー,CHI,0.53840624999998,0.53840624999998
560.0,561.0,車のブーブー,CHI,0.9521562499999163,0.9521562499999163
561.0,562.0,だった,CHI,1.0,1.0
563.0,565.0,それは色が黒い、どうしよう,CHI,1.0,2.0
566.0,569.0,あんた色が黒かったらかっかんなの?,CHI,0.9597916666666606,2.879374999999982
570.0,571.0,だめだ,CHI,0.6246562500000437,0.6246562500000437
571.0,572.0,どうし,CHI,0.5109062500000618,0.5109062500000618
572.0,574.0,どうしよ,CHI,0.5635781249999354,1.1271562499998709
574.0,576.0,どうしかぶれよランプにも,CHI,0.9054531250000082,1.8109062500000164
577.0,578.0,どうし,CHI,0.7565312499998527,0.7565312499998527
581.0,583.0,ちょいちょいねずみさん,CHI,0.6845156250000173,1.3690312500000346
583.0,584.0,ねずみさんあったよ,CHI,0.9852812500000709,0.9852812500000709
584.0,585.0,あ、ブタブタブタ,CHI,1.0,1.0
586.0,587.0,ブタさんが,CHI,0.9984062500000164,0.9984062500000164
588.0,589.0,ほうを持ってます,CHI,1.0,1.0
589.0,590.0,って言われ,CHI,1.0,1.0
590.0,591.0,ブタさんが,CHI,1.0,1.0
591.0,592.0,ほうを持ってます,CHI,1.0,1.0
592.0,593.0,ブーブー,CHI,0.7959687499999291,0.7959687499999291
593.0,594.0,ブーブーって言ってもらう,CHI,0.0,0.0
594.0,595.0,ブーブー,CHI,0.004031250000025466,0.004031250000025466
596.0,597.0,ケッ!,CHI,0.9746562499999527,0.9746562499999527
597.0,599.0,卵がマフラーを生えてます,CHI,0.5284374999999955,1.056874999999991
600.0,602.0,卵がマフラーを生えてます,CHI,1.0,2.0
604.0,605.0,あ、みきちゃんのお腹,CHI,1.0,1.0
605.0,607.0,あれ見てみきちゃん,CHI,0.3779843749999827,0.7559687499999654
607.0,608.0,みきちゃんだよー,CHI,0.0,0.0
608.0,609.0,ほら,CHI,0.0,0.0
610.0,611.0,ほら,CHI,0.3271562499999163,0.3271562499999163
612.0,613.0,みきちゃん,CHI,1.0,1.0
613.0,615.0,みきちゃん首してるよ,CHI,0.7882656250000082,1.5765312500000164
616.0,617.0,みきちゃん,CHI,0.13403124999990723,0.13403124999990723
617.0,618.0,みきちゃん,CHI,0.43346874999997453,0.43346874999997453
618.0,619.0,みきちゃん,CHI,0.007781249999879947,0.007781249999879947
619.0,620.0,みきちゃん,CHI,1.0,1.0
620.0,622.0,みきちゃん首してるよ,CHI,0.9385781249999354,1.8771562499998709
622.0,623.0,はーって,CHI,0.0065937500000927685,0.0065937500000927685
624.0,625.0,はー,CHI,0.9115312500000528,0.9115312500000528
626.0,627.0,はー,CHI,0.0,0.0
630.0,631.0,だ,CHI,0.5168750000000273,0.5168750000000273
633.0,634.0,だった,CHI,0.6809062499999072,0.6809062499999072
634.0,635.0,たこさん,CHI,0.67971875000012,0.67971875000012
635.0,636.0,たこさん,CHI,0.8947187500000382,0.8947187500000382
636.0,637.0,たこさん,CHI,0.8459062499998709,0.8459062499998709
640.0,641.0,たこさんよ,CHI,0.7452812500000618,0.7452812500000618
644.0,645.0,なに,CHI,0.0,0.0
648.0,649.0,なに,CHI,0.0,0.0
651.0,652.0,なに,CHI,0.0,0.0
654.0,655.0,なに,CHI,0.857156249999889,0.857156249999889
656.0,657.0,なに,CHI,1.0,1.0
657.0,658.0,おにぎゅさん出す?,CHI,0.7140937500000746,0.7140937500000746
658.0,659.0,おにぎゅさん出す?,CHI,0.9590312499999527,0.9590312499999527
659.0,660.0,うん,CHI,0.43534375000012915,0.43534375000012915
660.0,661.0,うん,CHI,0.6134062500000255,0.6134062500000255
663.0,664.0,おにぎゅさん出す?,CHI,1.0,1.0
670.0,671.0,おにぎゅさん出して,CHI,1.0,1.0
673.0,674.0,取りがいい?,CHI,0.8221562500000346,0.8221562500000346
674.0,675.0,うん,CHI,0.25159374999998363,0.25159374999998363
675.0,676.0,これ,CHI,0.0,0.0
676.0,677.0,お手しちゃん,CHI,0.6665312499999345,0.6665312499999345
677.0,678.0,はい,CHI,0.47471874999996544,0.47471874999996544
679.0,680.0,これも,CHI,0.34215625000001637,0.34215625000001637
680.0,681.0,ボロボロになるよ,CHI,1.0,1.0
682.0,683.0,ボロボロになるよ,CHI,1.0,1.0
683.0,684.0,はーって言わないから,CHI,0.9165312499999345,0.9165312499999345
684.0,685.0,やろう,CHI,0.8659687500000928,0.8659687500000928
685.0,686.0,あにゃにゃあいたにゃにゃ,CHI,0.8915312499998436,0.8915312499998436
686.0,687.0,にゃにゃ,CHI,0.6715937500000564,0.6715937500000564
687.0,688.0,はい,CHI,0.0,0.0
688.0,689.0,にゃにゃ,CHI,0.0,0.0
690.0,691.0,にゃにゃ,CHI,0.0,0.0
691.0,692.0,こーしわいて,CHI,0.0,0.0
693.0,695.0,あいであいであいで,CHI,0.8282656249999718,1.6565312499999436
695.0,696.0,あいでこーらー,CHI,1.0,1.0
696.0,697.0,はい,CHI,0.6278437500000109,0.6278437500000109
697.0,698.0,はい,CHI,1.0,1.0
698.0,699.0,やるやつ,CHI,0.27340624999987995,0.27340624999987995
699.0,700.0,やるやろ,CHI,0.7665937500000837,0.7665937500000837
700.0,701.0,うん,CHI,0.8206249999998363,0.8206249999998363
701.0,702.0,取れ,CHI,0.55534375000002,0.55534375000002
702.0,703.0,これ,CHI,0.2978437500000837,0.2978437500000837
703.0,704.0,これ,CHI,0.0,0.0
704.0,705.0,これ,CHI,0.0,0.0
706.0,707.0,なんかね,CHI,0.46028124999998,0.46028124999998
707.0,708.0,あ、落ちた落ちた,CHI,1.0,1.0
709.0,710.0,落ちた落ちた,CHI,1.0,1.0
711.0,712.0,あ,CHI,0.6634687499999927,0.6634687499999927
713.0,714.0,落ちた,CHI,1.0,1.0
714.0,715.0,はい,CHI,0.5828437499999382,0.5828437499999382
715.0,716.0,こそ,CHI,0.6515312500000618,0.6515312500000618
716.0,717.0,これや,CHI,0.6221562499999891,0.6221562499999891
720.0,721.0,マーク,CHI,1.0,1.0
721.0,723.0,水槽箱にマーク,CHI,0.7798281249999945,1.559656249999989
724.0,726.0,あ、にゃにゃあるうちに,CHI,0.7357656249999991,1.4715312499999982
726.0,727.0,ほら,CHI,1.0,1.0
727.0,728.0,にゃにゃ出して,CHI,0.91409375000012,0.91409375000012
728.0,729.0,にゃにゃ,CHI,1.0,1.0
729.0,730.0,ほら,CHI,0.6115312499998709,0.6115312499998709
730.0,731.0,にゃにゃ引っ張っていて,CHI,1.0,1.0
731.0,733.0,にゃにゃっておさんとしておいて,CHI,0.8185781249999309,1.6371562499998618
733.0,734.0,ほら,CHI,0.8709687499999745,0.8709687499999745
735.0,736.0,にゃにゃ,CHI,0.0,0.0
736.0,737.0,にゃにゃ,CHI,0.0,0.0
737.0,739.0,ひゃん,CHI,0.0,0.0
739.0,740.0,あいにゃ,CHI,0.21653124999988904,0.21653124999988904
745.0,746.04,えー,CHI,0.839813701923122,0.8734062500000164
747.0,748.0,お散歩行ってらっしゃーい,CHI,1.0,1.0
748.0,749.0,行ってらっしゃーい,CHI,0.7621562499998618,0.7621562499998618
749.0,750.2,かっこと,CHI,0.8362239583334169,1.0034687500001382
752.0,755.0,お散歩行ってらっしゃーい,CHI,0.5379166666666606,1.6137499999999818
755.0,756.5,お散歩行ってらっしゃーい,CHI,0.7718541666666473,1.157781249999971
757.5,759.5,こっち local,CHI,0.0,0.0
761.12,762.12,你们におer gate,CHI,1.0,1.0
762.12,763.0,おう,CHI,1.0,0.8799999999999955
763.0,765.0,ひもが長いよ、みちみ,CHI,1.0,2.0
787.0,789.0,みちみが,CHI,0.7393749999999955,1.478749999999991
790.0,793.0,ねんねん、動かんねん、みちみ,CHI,0.5882187499999721,1.7646562499999163
798.0,800.0,ひもが長いよ、それ,CHI,0.8417343749999873,1.6834687499999745
809.0,811.0,かして、みちみ,CHI,0.78156249999995,1.5631249999999
815.0,817.0,かして、ひも短くしてあげるわ,CHI,0.8335781249999172,1.6671562499998345
819.0,821.0,かして,CHI,0.0,0.0
830.0,832.0,ねんねん、つれてきて,CHI,0.7731249999999363,1.5462499999998727
832.0,834.0,あや,CHI,0.5986093750000236,1.1972187500000473
834.0,836.0,あら、はいちずって,CHI,0.4187500000000455,0.837500000000091
836.0,838.0,はいちずって、いい顔して,CHI,0.6770156249999673,1.3540312499999345
838.0,840.0,はいちずって,CHI,0.6813906249999491,1.3627812499998981
840.0,842.0,いい顔して,CHI,0.44107812499999,0.88215624999998
842.0,844.0,ねんねん、いい子,CHI,0.18860937500005548,0.37721875000011096
847.0,849.0,いい子,CHI,0.8406249999999318,1.6812499999998636
849.0,851.0,いい子,CHI,0.52767187500001,1.05534375000002
856.0,858.0,いい子,CHI,0.8836093749999918,1.7672187499999836
866.0,868.0,タイヤ,CHI,0.7014218750000509,1.4028437500001019
868.0,870.0,あや,CHI,1.0,2.0
872.0,874.0,あ、ねんねんなんか持ってるよ,CHI,1.0,2.0
874.0,876.0,ねんねんなんか加えてるみちみ,CHI,1.0,2.0
876.0,878.0,何これ,CHI,0.19017187500003274,0.3803437500000655
878.0,880.0,ボール,CHI,0.8776718750000327,1.7553437500000655
880.0,882.0,ボール,CHI,0.63704687500001,1.27409375000002
882.0,884.0,よんねん、ポーンって,CHI,0.66795312499994,1.33590624999988
884.0,886.0,ボール、ポーンって,CHI,0.5373281249999309,1.0746562499998618
886.0,888.0,ボール加えてるね,CHI,1.0,2.0
888.0,890.0,ボール加えてるよ,CHI,0.8582656249999445,1.716531249999889
903.0,905.0,ねんねん、どこ行くの?,CHI,0.42718749999994543,0.8543749999998909
905.0,907.0,ねんねん、どこ行くの?,CHI,0.7688906249999263,1.5377812499998527
907.0,909.0,ちょっと待って,CHI,0.6792343750000782,1.3584687500001564
909.0,911.0,ねんねん,CHI,0.8321875000000318,1.6643750000000637
911.0,913.0,ねんねん、待って,CHI,0.7398281249999172,1.4796562499998345
913.0,915.0,ねんねん、みちみ,CHI,0.87076562499999,1.74153124999998
915.0,917.0,これ誰がしたの?,CHI,0.7714218749999873,1.5428437499999745
917.0,919.0,あれ、誰がしたの?,CHI,0.9948593750000327,1.9897187500000655
921.0,923.0,ゴミいっぱい出して,CHI,0.9017343750000464,1.8034687500000928
923.0,925.0,ないないわ,CHI,0.4586093750000373,0.9172187500000746
925.0,927.0,ないない,CHI,0.49201562500002183,0.9840312500000437
927.0,929.0,落ちたよ,CHI,0.09548437500006912,0.19096875000013824
931.0,933.0,そしてみちみ,CHI,0.5001718749999782,1.0003437499999563
933.0,935.0,ちょうだい,CHI,0.0,0.0
935.0,937.0,今短くしてあげる,CHI,0.6296875000000455,1.259375000000091
937.0,939.0,今短くしてあげるから,CHI,0.47607812499995816,0.9521562499999163
945.0,947.0,雨コンコン降ってるやろ,CHI,0.21514062500000364,0.4302812500000073
947.0,949.0,みちみ,CHI,1.0,2.0
949.0,951.0,雨コンコン降ってるでしょ,CHI,0.7048281249999491,1.4096562499998981
954.0,956.0,雨降ってるやろ,CHI,0.6398281250000082,1.2796562500000164
957.0,959.0,ちょっとだいない,CHI,0.5451406249999309,1.0902812499998618
959.0,961.0,今短くしてあげる,CHI,0.4398281249999627,0.8796562499999254
961.0,963.0,待って,CHI,0.3501718750000009,0.7003437500000018
963.0,965.0,待って,CHI,0.5160781249999218,1.0321562499998436
968.0,970.0,みちみ,CHI,1.0,2.0
970.0,972.0,すいか,CHI,0.5537500000000364,1.1075000000000728
972.0,974.0,すいか,CHI,0.6792031249999582,1.3584062499999163
974.0,976.0,キティちゃんのお店屋さんにおよ,CHI,0.5654531249999764,1.1309062499999527
976.0,978.0,キティちゃんのお店屋さんにおよ,CHI,0.3848593750000191,0.7697187500000382
978.0,980.0,キティちゃんのお店屋さんに水かあるかな,CHI,1.0,2.0
980.0,982.0,水かあるかなみちみ,CHI,0.8153125000000045,1.630625000000009
982.0,984.0,これ何?,CHI,0.6296875000000455,1.259375000000091
985.0,987.0,これはクークー,CHI,0.8039218750000146,1.607843750000029
987.0,989.0,キティちゃんのクーツ,CHI,0.6561093750000282,1.3122187500000564
990.0,992.0,帽子は?,CHI,0.5145468750000646,1.0290937500001291
992.0,994.0,キティちゃんの帽子は?,CHI,0.42579687500006,0.85159375000012
995.0,997.0,キティちゃんの帽子どうかみちみ,CHI,0.8996875000000273,1.7993750000000546
997.0,999.0,キティちゃんの帽子は?,CHI,0.7478125000000091,1.4956250000000182
1005.0,1007.0,これはもうおよ,CHI,0.9032656250000173,1.8065312500000346
1007.0,1009.0,それメイリーさんの,CHI,0.8907656249999718,1.7815312499999436
1009.0,1011.0,ひつじん,CHI,0.6586093750000828,1.3172187500001655
1011.0,1013.0,ひつじん,CHI,0.94954687500001,1.89909375000002
1013.0,1015.0,メイリーさんのひつじ,CHI,0.9713906249999127,1.9427812499998254
1017.0,1019.0,かわいいな,CHI,0.9587500000000091,1.9175000000000182
1021.0,1023.0,お菓子屋さん,CHI,0.65982812499999,1.31965624999998
1023.0,1025.0,お菓子屋さん,CHI,0.6296875000000455,1.259375000000091
1029.0,1031.0,クックはどれ?,CHI,0.6064218750000236,1.2128437500000473
1031.0,1033.0,クック,CHI,0.9348281249999673,1.8696562499999345
1033.0,1035.0,クックはどれ?みちみ,CHI,0.5706250000000637,1.1412500000001273
1035.0,1037.0,クックは?,CHI,0.7917031249999127,1.5834062499998254
1037.0,1039.0,クックそれね,CHI,0.5636093750000555,1.127218750000111
1039.0,1041.0,帽子は?帽子,CHI,0.4832968750000646,0.9665937500001291
1041.0,1043.0,帽子あったまかぶるのね,CHI,1.0,2.0
1043.0,1045.0,ここにあるほら,CHI,0.6381249999999454,1.2762499999998909
1045.0,1047.0,帽子,CHI,0.7056250000000546,1.4112500000001091
1047.0,1049.0,帽子,CHI,0.98048437500006,1.96096875000012
1049.0,1051.0,キティちゃん何買うのかな,CHI,0.5945156249999854,1.189031249999971
1051.0,1053.0,帽子,CHI,0.5329843750000691,1.0659687500001382
1053.0,1055.0,終わっちゃった,CHI,0.8985781249999718,1.7971562499999436
1055.0,1057.0,始まる,CHI,0.6413906249999854,1.282781249999971
1057.0,1059.0,見せて,CHI,0.5537499999999227,1.1074999999998454
1059.0,1061.0,クックやろ,CHI,0.8020156249999673,1.6040312499999345
1061.0,1063.0,くだもね屋さん,CHI,0.9582968750000873,1.9165937500001746
1063.0,1065.0,ここ,CHI,0.45250000000010004,0.9050000000002001
1065.0,1067.0,くだもね屋さんないね,CHI,1.0,2.0
1067.0,1069.0,ナスビーがあって,CHI,0.8617031249999627,1.7234062499999254
1069.0,1071.0,キュウリーがあって,CHI,0.5284374999999955,1.056874999999991
1073.0,1075.0,くだもね屋さん,CHI,0.8153125000000045,1.630625000000009
1075.0,1077.0,すいかがある,CHI,0.69142187500006,1.38284375000012
1077.0,1079.0,すいか,CHI,0.5959374999999909,1.1918749999999818
1079.0,1081.0,すいか,CHI,0.5199999999999818,1.0399999999999636
1081.0,1083.0,すいか一緒,CHI,0.6192343750000191,1.2384687500000382
1083.0,1085.0,ぶどうは?,CHI,0.4207968750000646,0.8415937500001291
1085.0,1087.0,ぶどう,CHI,0.59732812499999,1.19465624999998
1087.0,1089.0,ぶどうこれやん,CHI,1.0,2.0
1089.0,1091.0,ぶどうあったでどっかに,CHI,0.9013906249999764,1.8027812499999527
1091.0,1093.0,ぶどう,CHI,0.4609375,0.921875
1093.0,1095.0,がががみね,CHI,0.5115625000000819,1.0231250000001637
1095.0,1097.0,ぶどうどっかにあったでみちみ,CHI,0.7035781249999218,1.4071562499998436
1097.0,1099.0,こっか,CHI,0.3113906249999445,0.622781249999889
1099.0,1101.0,こっか,CHI,0.5123593750000737,1.0247187500001473
1103.0,1105.0,こっかいに,CHI,0.6976718750000828,1.3953437500001655
1105.0,1107.0,いってこっかさん,CHI,0.6173593750000919,1.2347187500001837
1107.0,1109.0,扱いたいで,CHI,0.502015624999899,1.004031249999798
1109.0,1111.0,扱いたいで,CHI,0.3798281249999036,0.7596562499998072
1111.0,1113.0,エビフライト,CHI,0.49389062499994907,0.9877812499998981
1113.0,1115.0,エビフライト,CHI,0.3885781249999809,0.7771562499999618
1115.0,1117.0,いちごと,CHI,0.29173437500003274,0.5834687500000655
1117.0,1119.0,くり,CHI,0.37173437500007367,0.7434687500001473
1119.0,1121.0,はい,CHI,0.4018750000000182,0.8037500000000364
1121.0,1123.0,くり,CHI,0.5115624999999682,1.0231249999999363
1123.0,1125.0,くりご飯食べたやろ,CHI,0.908265624999899,1.816531249999798
1125.0,1127.0,ババのおじで,CHI,0.3895156249999445,0.779031249999889
1131.0,1133.0,にゃにゃにゃにはいすんね,CHI,0.5967031249999764,1.1934062499999527
1133.0,1135.0,にゃにゃにゃはいって,CHI,0.5926406249999445,1.185281249999889
1135.0,1137.0,もぐもぐもぐ,CHI,0.75423437500001,1.50846875000002
1137.0,1139.0,はいわ,CHI,1.0,2.0
1139.0,1141.0,おいしいな,CHI,0.7407656249998809,1.4815312499997617
1141.0,1143.0,もぐもぐもぐって,CHI,0.6061093750000737,1.2122187500001473
1143.0,1145.0,もぐもぐもぐ,CHI,0.39079687500009186,0.7815937500001837
1145.0,1147.0,やめた,CHI,0.28982812499998545,0.5796562499999709
1147.0,1149.0,もぐもぐもぐ,CHI,0.5170468750001191,1.0340937500002383
1149.0,1151.0,にゃにゃおいしいかなって,CHI,0.5685781249999309,1.1371562499998618
1151.0,1153.0,にゃにゃおいしいですかって,CHI,0.5223281249999445,1.044656249999889
1156.0,1158.0,にゃにゃおいしいですかって,CHI,0.19360937500005093,0.38721875000010186
1158.0,1159.0,もしいですかって,CHI,0.0,0.0
1159.0,1161.0,もしいですかって,CHI,0.6465624999999591,1.2931249999999181
1161.0,1163.0,Would you go toIL-AWB or something like THAT?,CHI,0.5779531249999081,1.1559062499998163
1163.0,1164.98,文老ワッターやん,CHI,0.7937342171717843,1.5715937500001473
1164.98,1165.74,の言う方へ,CHI,1.0,0.7599999999999909
1165.74,1167.74,文老ワッターやん,CHI,0.4114218750000873,0.8228437500001746
1167.74,1169.22,あ,CHI,0.5430743243241886,0.803749999999809
1169.22,1171.68,どしてちゃおう師its,CHI,0.7811102642276485,1.9215312500000437
1171.68,1173.68,でどしてちゃおう,CHI,0.057046875000082764,0.11409375000016553
1177.48,1179.5,うぅぅるん,CHI,0.0,0.0
1179.5,1190.5,はい、おそらくなさん、大焼き君。おそらくなさん、ぷっかぷっかぷっか。,CHI,0.1720142045454519,1.892156249999971
1191.5,1196.5,赤いおそらくなよね、これね。おめめが動くよ。おめめが、シャクシャクシャクシャクって動くよ。,CHI,1.0,5.0
1197.5,1199.5,シャクシャクシャクシャク。,CHI,0.6029531249998854,1.2059062499997708
1200.5,1205.5,みちみんのお家のキンゲは、真っ黒系よね。真っ黒系の。,CHI,0.569125000000031,2.8456250000001546
1207.5,1209.5,シャクシャクシャクシャク。,CHI,0.4982656249999309,0.9965312499998618
1212.5,1214.5,ママ、おいしいおいしいって。,CHI,0.6779531249999309,1.3559062499998618
1217.5,1220.5,みちみん、ドンボさん見せて。ロージは?ロージ。,CHI,0.725093749999966,2.175281249999898
1221.5,1222.5,ロージは?,CHI,1.0,1.0
1222.5,1229.5,おっててつないで、わになって踊ろう。ロージ、ロージ、アルフォードタン。,CHI,1.0,7.0
1230.5,1231.5,ロージ、持ってきて。,CHI,1.0,1.0
1232.5,1237.5,ママ、ロージ持ってきて。みちみん。ロージ、頂戴。ロージ、持ってきて。,CHI,0.3699999999999818,1.849999999999909
1241.5,1246.5,ロージ、いこいこして。なにがた?ロージ、いこいこは?いこいこ。いこいこ。はい。,CHI,0.6995687500000258,3.497843750000129
1247.5,1250.5,ロージ、いこいこ。いこいこいこ。,CHI,1.0,3.0
1251.5,1256.5,ロージ、寝にしよう。寝に。はい。みちみちゃんも寝に。,CHI,0.4631812499999796,2.315906249999898
1257.5,1266.5,寝に。ロージと寝に。寝に。寝に。寝にして。,CHI,0.21305555555555758,1.9175000000000182
1267.5,1268.5,うーん。,CHI,1.0,1.0
1273.5,1281.5,電気。電気は?電気。電気。電気赤いか。電気赤いか。,CHI,0.19960937499999432,1.5968749999999545
1284.5,1290.5,赤いを引っ張ったら、真っ赤系なのだよ。真っ赤系なのだよ。,CHI,0.3603697916666988,2.162218750000193
1291.5,1292.5,ほら、ほら。,CHI,0.2584687500002474,0.2584687500002474
1297.5,1303.5,クマさん、これ。クマさん。クマさん、これだよ。なにこれ?,CHI,0.2689583333333303,1.6137499999999818
1305.5,1313.5,なにこれ?シャマジュみたいなのだね。クマさん。クメ?どれがいいの?,CHI,0.14898437499999773,1.1918749999999818
1314.5,1319.5,え?ご経緯?なんかみちみと髪型が似てるね。,CHI,0.37993124999998146,1.8996562499999072
1320.5,1321.5,かっこ。,CHI,0.7777812499998618,0.7777812499998618
1322.5,1326.5,ご経緯。かっこ。ご経緯よ。これ。,CHI,0.5215625000000159,2.0862500000000637
1327.5,1335.5,あーーーって。あーーーって。あーーーって。あーーーって。,CHI,0.11312499999999659,0.9049999999999727
1336.5,1337.5,あんや。,CHI,0.4259062499997981,0.4259062499997981
1339.5,1349.5,どれ?どれがいいの?これ?これ怖いよみちみ。割れるよ。割れたら痛い痛いするよ。,CHI,0.303125,3.03125
1349.5,1351.5,これが割れたら。,CHI,0.6604843750001237,1.3209687500002474
1354.5,1360.5,ここ、ないないしてく。これは?フラダンスを売ってるのかな?,CHI,0.3543281250000139,2.1259687500000837
1361.5,1366.5,フラフラフラフラフラダンスって。フラダンス。,CHI,0.5844437500000368,2.9222187500001837
1369.5,1375.5,ないない。ないないしていい?ないないしていいの?ないない。ないないじゃないの?,CHI,0.38275520833330273,2.2965312499998163
1375.5,1383.5,これ、それもないないするの?ないない?ないないするの?ないない?ないない。,CHI,0.23757812499999886,1.900624999999991
1384.5,1392.5,いるの?ないない?ないない?ない。,CHI,0.12910546875002638,1.032843750000211
1395.5,1404.5,どれ。これ。大きなの?いいの?ぷるぷるん。,CHI,0.21680555555556363,1.9512500000000728
1405.5,1421.5,★道路が中止とき、道路が中止とあげる★,CHI,0.12828125000000057,2.052500000000009
1421.5,1432.5,★お母さんのお口★,CHI,0.2187812500000167,2.4065937500001837
1432.5,1444.5,★バスがあるよ★,CHI,0.13447916666666515,1.6137499999999818
1444.5,1452.5,★何ですか?★,CHI,0.18695312500000227,1.4956250000000182
1452.5,1464.5,★まだいいの?まだいいの?★,CHI,0.3776848958333403,4.532218750000084
1464.5,1470.5,★何?何?何たの?弁当見る?何たの?弁当見る?★,CHI,0.5980208333333318,3.588124999999991
1470.5,1479.5,★お母さんのおうくん★,CHI,0.22430555555557577,2.018750000000182
1479.5,1495.5,★何がいるの?何がいるの?★,CHI,0.14621093750000114,2.339375000000018
1495.5,1510.5,★おっぱい?★,CHI,0.22683333333332786,3.402499999999918
1510.5,1535.5,★おうくんは、弁当見るの?★,CHI,0.19414999999999963,4.853749999999991
1535.5,1545.5,★おうくんは、弁当見るの?★,MOT,0.4516250000000127,4.516250000000127
1545.5,1555.5,★おっぱい?★,MOT,0.4465625000000045,4.4656250000000455
1555.5,1583.5,★おうくんは、弁当見るの?★,CHI,0.18675334821429196,5.229093750000175
1583.5,1605.5,★おうくんは、弁当見るの?★,CHI,0.15619318181818057,3.4362499999999727
1606.5,1613.5,★また、弁当見るの?★,CHI,0.24258928571427013,1.6981249999998909
1613.5,1621.5,★痛いよ、マリッタ★,CHI,0.15742187499998295,1.2593749999998636
1621.5,1631.5,★痛い痛い、痛い痛い痛い、痛い痛い痛い★,CHI,0.27106249999999366,2.7106249999999363
1631.5,1641.5,★おうくんは、弁当見るの?★,CHI,0.18422187500002565,1.8422187500002565
1641.5,1651.5,★おうくんは、弁当見るの?★,CHI,0.19165937500001745,1.9165937500001746
1651.5,1661.5,★おうくんは、弁当見るの?★,CHI,0.23393750000000182,2.339375000000018
1661.5,1669.5,★ありがとう★,CHI,0.15109375000000114,1.208750000000009
1669.5,1673.5,★お船★,CHI,0.4245312499999727,1.6981249999998909
1673.5,1679.5,★アイスクリーム★,CHI,0.564270833333353,3.3856250000001182
1679.5,1689.5,★アワアワ★,CHI,0.4735625000000027,4.735625000000027
1690.5,1711.5,★キレイキレイしてるの?★,CHI,0.10175595238094848,2.136874999999918
1711.5,1721.5,★お耳は、いいよ★,CHI,0.24068750000001274,2.4068750000001273
1721.5,1731.5,★お耳は、いいよ★,CHI,0.1765625,1.765625
1751.5,1771.5,★お母さん、お母さん、お母さん★,CHI,0.1363749999999982,2.7274999999999636
1771.5,1799.5,★お母さん、お母さん、お母さん★,CHI,0.08475446428571688,2.3731250000000728
1799.5,1815.5,★アイスクリームどれ?★,CHI,0.14410156249999773,2.3056249999999636
1815.5,1825.5,★おりこおさん★,CHI,0.2845624999999927,2.8456249999999272
1825.5,1835.5,★お母さん、お母さん★,CHI,0.2541874999999891,2.541874999999891
1835.5,1845.5,★お母さん、お母さん★,CHI,0.31831250000000183,3.183125000000018
1845.5,1855.5,★お母さん、お母さん★,CHI,0.19327812499998345,1.9327812499998345
1855.5,1865.5,★パンでさん★,CHI,0.16475000000000364,1.6475000000000364
1865.5,1875.5,★パンでさん★,CHI,0.22043750000000273,2.2043750000000273
1875.5,1885.5,★パンでさん★,CHI,0.1917500000000018,1.9175000000000182
1885.5,1893.5,★ゾウさん★,CHI,0.3303906250000068,2.6431250000000546
1893.5,1901.5,★もうないよ★,CHI,0.2776562500000068,2.2212500000000546
1901.5,1911.5,★ロジ、ロジ、アルファネタ★,CHI,0.19343750000000454,1.9343750000000455
1911.5,1919.5,★もういいの?★,CHI,0.2882031250000239,2.305625000000191
1919.5,1935.5,★むしゃむしゃむしゃ★,CHI,0.23058593749999545,3.6893749999999272
1935.5,1957.5,★アイスクリーム★,CHI,0.2835227272727252,6.2374999999999545
1957.5,1967.5,★やおやさんに対抗ください★,CHI,0.22381250000000819,2.238125000000082
1967.5,1977.5,★お洋服屋さん、くっつくください★,CHI,0.2879374999999982,2.879374999999982
1977.5,1987.5,★ボウシくださーい★,CHI,0.2845624999999927,2.8456249999999272
1987.5,1999.5,★ボウシくださーい★,CHI,0.1611979166666515,1.934374999999818
1999.5,2004.5,★いただいたいしよう★,CHI,0.33287500000001274,1.6643750000000637
2004.5,2021.5,★お鍋でお料理作って★,CHI,0.2208290441176627,3.7540937500002656
2021.5,2037.5,★お魚入れて★,CHI,0.24052929687501035,3.8484687500001655
2037.5,2043.5,★いちごも入れて★,CHI,0.26614583333332575,1.5968749999999545
2043.5,2051.5,★クリーム入れる?★,CHI,0.3156249999999545,2.524999999999636
2051.5,2061.5,★クリーム入れて★,CHI,0.13099999999994907,1.3099999999994907
2061.5,2075.5,★ガガ入れる?★,CHI,0.08875000000002078,1.242500000000291
2075.5,2079.5,★ママに出来上がり★,CHI,0.6246171875000073,2.498468750000029
2079.5,2087.5,★あー落ちた★,CHI,0.17851562500004547,1.4281250000003638
2087.5,2101.5,★ないないして★,CHI,0.1542209821428904,2.1590937500004657
2101.5,2109.5,★いちごも入れて★,CHI,0.2966406250000091,2.3731250000000728
2109.5,2122.5,★誰もスイカのボール★,CHI,0.18514423076920558,2.4068749999996726
2122.5,2124.5,★ピーポ来た★,CHI,0.16264062499976717,0.32528124999953434
2124.5,2129.5,★ピーポピーポどれ?★,CHI,0.7275562499999069,3.6377812499995343
2129.5,2139.5,★ピーポピーポ消防車★,CHI,0.44487499999995633,4.448749999999563
2139.5,2149.5,★ピーポピーポは?★,CHI,0.2676875000000109,2.676875000000109
2149.5,2174.5,★ピーポピーポ居てる★,CHI,0.18267500000001746,4.566875000000437
2174.5,2184.5,★ライオンバス★,CHI,0.2778124999999818,2.778124999999818
2184.5,2194.5,★ひくおきぶん★,CHI,0.40437499999998183,4.043749999999818
2194.5,2204.5,★ピーッといったでしょ★,CHI,0.49212500000003273,4.921250000000327
2204.5,2212.5,★バーバーとこ行ったよ★,CHI,0.34515624999994543,2.7612499999995634
2212.5,2223.5,★これはひくおきはぶーんよ★,CHI,0.3001136363635934,3.301249999999527
2223.5,2233.5,★バスは?★,CHI,0.20524999999997817,2.0524999999997817
2233.5,2248.5,★ガオー★,CHI,0.2797083333333527,4.195625000000291
2248.5,2253.5,★怖い怖いよ★,CHI,0.5238187500001004,2.619093750000502
2253.5,2264.5,★ごめん、食べられるよ★,CHI,0.22997443181818447,2.529718750000029
2264.5,2268.5,★トラック★,CHI,0.33171874999993634,1.3268749999997453
2268.5,2277.5,★レイトーシャン★,CHI,0.14368055555547066,1.293124999999236
2277.5,2283.5,★これは何じゃん?★,CHI,0.3617708333332909,2.1706249999997453
2283.5,2296.5,★バスあったよ★,CHI,0.19552884615390773,2.5418750000008004
2296.5,2305.5,★消防車★,CHI,0.18705208333338103,1.6834687500004293
2305.5,2312.5,★消防車★,CHI,0.35540625000001974,2.4878437500001382
2312.5,2330.5,★これはお砂を運ぶダンプドラッグ★,CHI,0.12340277777780607,2.2212500000005093
2330.5,2342.5,★キティちゃんある?★,CHI,0.15838541666660907,1.9006249999993088
2342.5,2350.5,★はしれ、働く車★,CHI,0.5075781250000091,4.060625000000073
2350.5,2353.5,★これは?★,CHI,0.32979166666670306,0.9893750000001091
2353.5,2360.5,★おうちの車と似てるね★,CHI,0.5053571428571948,3.537500000000364
2360.5,2365.5,★バゴン車★,CHI,0.40219374999996943,2.010968749999847
2365.5,2371.5,★トラック★,CHI,0.2830208333333151,1.6981249999998909
2371.5,2377.5,★ダンプローリー★,CHI,0.262453125000017,1.5747187500001019
2377.5,2382.5,★これはダンプドラッグ★,CHI,0.35650000000005094,1.7825000000002547
2382.5,2389.5,★お砂運ぶダンプドラッグ★,CHI,0.35067410714288727,2.454718750000211
2389.5,2395.5,★トラック★,CHI,0.44052083333341824,2.6431250000005093
2395.5,2398.5,★これは?★,CHI,0.39990625000003394,1.1997187500001019
2398.5,2402.5,★バス★,CHI,0.30218749999994543,1.2087499999997817
2402.5,2405.5,★これはバス?★,CHI,0.5997916666668365,1.7993750000005093
2405.5,2417.5,★バスって言ってみてみるよ★,CHI,0.1258619791666812,1.5103437500001746
2417.5,2427.5,★バスがあるよ★,CHI,0.3689374999999927,3.6893749999999272
2428.5,2443.5,★バスがあるよ★,CHI,0.1008333333333212,1.512499999999818
2444.5,2453.5,★バンマン★,CHI,0.2579479166666311,2.32153124999968
2453.5,2459.5,★飛行気分★,CHI,0.5345364583333018,3.207218749999811
2459.5,2466.5,★新幹線★,CHI,0.24741071428577147,1.7318750000004002
2466.5,2481.5,★飛行気分★,CHI,0.13014791666670741,1.9522187500006112
2481.5,2485.5,★飛行気道にあるよ★,CHI,0.7029687499998545,2.811874999999418
2485.5,2494.5,★傘★,CHI,0.18037847222219877,1.623406249999789
2495.5,2507.5,★ピノキを乗れよ★,CHI,0.26947916666661814,3.233749999999418
2507.5,2513.5,★飛行気分★,CHI,0.38989583333326056,2.3393749999995634
2513.5,2519.5,★ドナルドが飛行気乗ってるよ★,CHI,0.28828645833330785,1.7297187499998472
2520.5,2524.5,★ピノキは?★,CHI,0.3528125000000273,1.4112500000001091
2524.5,2528.5,★お花が長いよ★,CHI,0.5005546874999709,2.0022187499998836
2528.5,2536.5,★ピノキは?★,CHI,0.3577773437500582,2.8622187500004657
2536.5,2540.5,★取っちゃうよ★,CHI,0.736718749999909,2.946874999999636
2540.5,2546.5,★ミッキーちゃん、あくびしてるよ★,CHI,0.4739114583333806,2.8434687500002838
2546.5,2553.5,★あわあわどれ?★,CHI,0.2811607142856311,1.968124999999418
2553.5,2559.5,★ジャクちゃんにしないで★,CHI,0.40233854166657085,2.414031249999425
2559.5,2563.5,★トラック★,CHI,0.28531249999991815,1.1412499999996726
2563.5,2572.5,★ミッキーちゃん、あったよ★,CHI,0.06118055555553939,0.5506249999998545
2572.5,2580.5,★ミッキーがイイスクリーム★,CHI,0.22492187500006366,1.7993750000005093
2580.5,2586.5,★おだくちゃんにしないで★,CHI,0.3955208333333455,2.3731250000000728
2586.5,2592.5,★まだ欲しいよ★,CHI,0.0,0.0
2592.5,2602.5,★おはよう★,CHI,0.10737499999995634,1.0737499999995634
2602.5,2612.5,★おはよう★,CHI,0.1795968750000611,1.7959687500006112
2612.5,2623.5,★みんなでこんにちは★,CHI,0.26176136363640334,2.8793750000004366
2623.5,2629.5,★キリンさんはどれ?★,CHI,0.9590156249999685,5.754093749999811
2629.5,2634.5,★シマジロ★,CHI,0.4881250000000364,2.440625000000182
2634.5,2641.5,★シマジロ★,CHI,0.2208928571429039,1.5462500000003274
2641.5,2647.5,★ガオウ★,CHI,0.2858333333333576,1.7150000000001455
2647.5,2650.5,★みいじびちゃんも食べるよ★,CHI,0.9717812499999733,2.91534374999992
2650.5,2657.5,★カバーさん★,CHI,0.2627276785714067,1.8390937499998472
2657.5,2665.5,★キリンちゃんは?★,CHI,0.45062499999994543,3.6049999999995634
2665.5,2671.5,★ドブちゃん★,CHI,0.44052083333326664,2.6431249999996
2671.5,2679.5,★バママ★,CHI,0.1911718750000091,1.5293750000000728
2679.5,2687.5,★ライオンさん★,CHI,0.34058984375008095,2.7247187500006476
2687.5,2696.5,★ゾウさん、何持ってるの?★,CHI,0.25243055555559596,2.271875000000364
2696.5,2704.5,★おうくん、パパパパパパパパパ★,CHI,0.0,0.0
2704.5,2715.5,★プチプチプチは?★,CHI,0.0,0.0
2715.5,2723.5,★おせえか、みじび、メロンがあった★,CHI,0.3555820312499236,2.844656249999389
2723.5,2733.5,★メロンのシャーベット★,CHI,0.29806250000001455,2.9806250000001455
2733.5,2738.5,★開ける?★,CHI,0.5820687499999622,2.910343749999811
2738.5,2744.5,★なんか濡れてる!★,CHI,0.29989583333326664,1.7993749999995998
2744.5,2750.5,★ないないして★,CHI,0.3166093749999466,1.8996562499996799
2750.5,2756.5,★反対を★,CHI,0.1986458333332545,1.191874999999527
2756.5,2764.5,★ないない★,CHI,0.14265625000007276,1.141250000000582
2764.5,2771.5,★できるかな?★,CHI,0.1987098214285652,1.3909687499999563
2771.5,2775.5,★できた★,CHI,0.3991484375001164,1.5965937500004657
2775.5,2783.5,★うーん、せってするから舐めるから★,CHI,0.38090234374999454,3.0472187499999563
2783.5,2786.5,★ないないわ★,CHI,0.29604166666680004,0.8881250000004002
2786.5,2791.5,★ロウジにあげて★,CHI,0.4479437500000131,2.2397187500000655
2791.5,2794.5,★おいしいなー★,CHI,1.0,3.0
2794.5,2801.5,★ありがとう★,CHI,0.24741071428564151,1.7318749999994907
2801.5,2807.5,★おいしい?メロンの味がする?★,CHI,0.252083333333303,1.512499999999818
2807.5,2812.5,★マゴマゴマゴ★,CHI,0.521875,2.609375
2812.5,2815.5,★おいしいなー★,CHI,0.4591666666665333,1.3774999999995998
2815.5,2822.5,★おうくん、おうくん★,CHI,0.19437500000003638,1.3606250000002547
2822.5,2830.5,★くり★,CHI,0.15320312500000455,1.2256250000000364
2830.5,2835.5,★なんでも食べないよ★,CHI,0.4128187500000422,2.064093750000211
2835.5,2843.5,★ガガッ★,CHI,0.14898437500005457,1.1918750000004366
2843.5,2851.5,★アヒルさんが★,CHI,0.27554687499991815,2.204374999999345
2851.5,2863.5,★これ何?これ何?★,CHI,0.23185156250004488,2.7822187500005384
2863.5,2871.5,★ごきごき★,CHI,0.2990273437500264,2.392218750000211
2871.5,2888.5,★ガーマ★,CHI,0.11974264705879571,2.035624999999527
2888.5,2900.5,★おなご子の中に車が好きね★,CHI,0.34633072916669033,4.155968750000284
2900.5,2913.5,★ガンゴッ★,CHI,0.0,0.0
2913.5,2921.5,★ガーゴッ★,CHI,0.06460937500003183,0.5168750000002547
2921.5,2927.5,★ぷちぷちぷち★,CHI,0.38989583333326056,2.3393749999995634
2927.5,2929.5,かかんでいいよ、開会の,CHI,0.9211093750000146,1.842218750000029
2939.5,2941.5,開会の?,CHI,0.8948593750001237,1.7897187500002474
2943.5,2945.5,どこ開避の?,CHI,0.506421875000342,1.012843750000684
2945.5,2947.5,開会のどれ?,CHI,0.50326562500004,1.00653125000008
2947.5,2949.5,お虫があるんちゃう,CHI,0.7776406250000036,1.5552812500000073
2949.5,2951.5,母さんがかまれたで,CHI,0.5861093749999782,1.1722187499999563
2951.5,2953.5,開会な,CHI,0.39343749999989086,0.7868749999997817
2957.5,2959.5,かかんでいいよ,CHI,0.0,0.0
2963.5,2965.5,あれや,CHI,0.42892187500001455,0.8578437500000291
2967.5,2969.5,あれ、何さってるの?,CHI,0.6311093750000509,1.2622187500001019
2975.5,2977.5,何それ?,CHI,0.42798437500005093,0.8559687500001019
2977.5,2979.5,ジュース,CHI,0.545312499999909,1.090624999999818
2979.5,2981.5,ジュース待てきて,CHI,0.4782968750000691,0.9565937500001382
2983.5,2985.5,ジュース待てきて,CHI,0.46110937499997817,0.9222187499999563
2987.5,2989.5,かぎ,CHI,0.0,0.0
2993.5,2995.5,かぎ入れるとこそこ,CHI,0.0,0.0
2999.5,3001.5,楽じゃないよ,CHI,0.0,0.0
3001.5,3003.5,かぎよ,CHI,0.0,0.0
3003.5,3005.5,かぎ,CHI,0.0,0.0
3005.5,3007.5,かぎ,CHI,0.0,0.0
3009.5,3011.5,かぎ入れるのね,CHI,0.0,0.0
3011.5,3013.5,お虫があるのね,CHI,0.0,0.0
3015.5,3017.5,一応アクエリアス持ってきてよ,CHI,0.8673281249998581,1.7346562499997162
3017.5,3019.5,アクエリアス,CHI,0.6971874999999272,1.3943749999998545
3019.5,3021.5,かーじゅ,CHI,0.4271875000004002,0.8543750000008004
3021.5,3023.5,指が入った?,CHI,0.529859375000342,1.059718750000684
3023.5,3025.5,指が入った?,CHI,0.6436093750003238,1.2872187500006476
3027.5,3029.5,あ,CHI,0.4801406249998763,0.9602812499997526
3029.5,3031.5,あ,CHI,0.6195156250000764,1.2390312500001528
3031.5,3033.5,おいしいね,CHI,0.9129843750001783,1.8259687500003565
3033.5,3035.5,ごくごく,CHI,0.8996874999997999,1.7993749999995998
3037.5,3039.5,おいしいな,CHI,0.32482812499983993,0.6496562499996799
3041.5,3043.5,ちょうれ,CHI,0.46937500000012733,0.9387500000002547
3043.5,3045.5,ロージー飲ましてあげて,CHI,0.7260781249997308,1.4521562499994616
3045.5,3047.5,ロージーごくごく,CHI,1.0,2.0
3047.5,3049.5,ロージー飲ましてあげて,CHI,0.557640624999749,1.115281249999498
3051.5,3053.5,ロージーはえは,CHI,0.6929531249998035,1.385906249999607
3057.5,3059.5,ロージーはえは,CHI,0.9334375000003092,1.8668750000006185
3059.5,3061.5,一人でよくばらないで,CHI,0.32232812499978536,0.6446562499995707
3065.5,3067.5,行くぞ,CHI,0.7573281249997308,1.5146562499994616
3067.5,3069.5,水か,CHI,0.5031249999997272,1.0062499999994543
3071.5,3073.5,水か行くぞ,CHI,0.631421875000342,1.262843750000684
3073.5,3075.5,ポン,CHI,0.0,0.0
3077.5,3079.5,ポン,CHI,0.0,0.0
3081.5,3083.5,はい、それだよ,CHI,0.0,0.0
3083.5,3085.5,あれや,CHI,0.44406249999974534,0.8881249999994907
3085.5,3087.5,母さんちょうだい,CHI,0.570625000000291,1.141250000000582
3087.5,3089.5,水かポンもちょうだい,CHI,0.4023593750002874,0.8047187500005748
3091.5,3093.5,キリイちゃんはまなぎする?,CHI,0.7888906250000218,1.5777812500000437
3093.5,3095.5,まなぎ,CHI,0.2964218750003056,0.5928437500006112
3095.5,3097.5,あ,CHI,0.0,0.0
3099.5,3101.5,おにぎさんに帽子かぶらしてあげよ,CHI,1.0,2.0
3101.5,3103.5,帽子,CHI,0.9120156250000946,1.8240312500001892
3103.5,3105.5,帽子は帽子かぶらして,CHI,0.6548281249997672,1.3096562499995343
3107.5,3109.5,何も見えないよ,CHI,0.7636093750002146,1.5272187500004293
3109.5,3111.5,何も見えないよ,CHI,0.700171875000251,1.400343750000502
3111.5,3113.5,何も見えないよ,CHI,0.7899999999999636,1.5799999999999272
3115.5,3117.5,帽子,CHI,0.5537500000000364,1.1075000000000728
3119.5,3121.5,みつみかぶってごらんよ,CHI,0.6138906249998399,1.2277812499996799
3121.5,3123.5,帽子,CHI,0.43767187499997817,0.8753437499999563
3125.5,3127.5,はい,CHI,0.4667031250000946,0.9334062500001892
3129.5,3131.5,あら,CHI,1.0,2.0
3131.5,3133.5,かわいい,CHI,0.5051406249999673,1.0102812499999345
3133.5,3135.5,かわいい,CHI,0.3576406249999309,0.7152812499998618
3135.5,3137.5,かわいいみつみ,CHI,1.0,2.0
3137.5,3139.5,かわい,CHI,0.545312499999909,1.090624999999818
3139.5,3141.5,おろ,CHI,0.0,0.0
3141.5,3143.5,おろ,CHI,0.26687500000025466,0.5337500000005093
3143.5,3145.5,はい、母さん,CHI,0.5245468749999418,1.0490937499998836
3145.5,3147.5,はい,CHI,0.7467031249998399,1.4934062499996799
3147.5,3149.5,はい、どうも,CHI,0.5495468750000327,1.0990937500000655
3149.5,3151.5,おうちだね,CHI,1.0,2.0
3151.5,3153.5,はい,CHI,0.38892187500005093,0.7778437500001019
3159.5,3161.5,あら、かわいい,CHI,0.0,0.0
3161.5,3163.5,かわいいな,CHI,0.0,0.0
3163.5,3165.5,かわいいな,CHI,0.0,0.0
3165.5,3167.5,いい子,CHI,0.0,0.0
3167.5,3169.5,あったらすごいね,CHI,0.3898281249998945,0.779656249999789
3169.5,3171.5,いい子,CHI,0.49545312500004,0.99090625000008
3171.5,3173.5,おにぎさんかぶして,CHI,0.8457656249997854,1.6915312499995707
3177.5,3179.5,まぶ,CHI,0.25843750000012733,0.5168750000002547
3179.5,3181.5,はい,CHI,0.1038906250000764,0.2077812500001528
3181.5,3183.5,どうも,CHI,0.5790624999999636,1.1581249999999272
3183.5,3185.5,どうも,CHI,0.4117343749999236,0.8234687499998472
3185.5,3187.5,おうちろ,CHI,0.9354531249996398,1.8709062499992797
3187.5,3189.5,そこでみつみ,CHI,0.8586093750000146,1.717218750000029
3189.5,3191.5,帽子,CHI,0.4661093750000873,0.9322187500001746
3191.5,3193.5,あ、かわいい,CHI,0.7654843750001419,1.5309687500002838
3193.5,3195.5,かわいい,CHI,0.25843750000012733,0.5168750000002547
3195.5,3197.5,今、カラスが乾くはってないだよ,CHI,0.6301718750000873,1.2603437500001746
3197.5,3199.5,カラスが乾いたね,CHI,0.7945468749999236,1.5890937499998472
3199.5,3201.5,カラスがないだね,CHI,0.8321874999996908,1.6643749999993815
3201.5,3203.5,かわ,CHI,0.5706249999998363,1.1412499999996726
3203.5,3205.5,かわ,CHI,0.6211093750002874,1.2422187500005748
3205.5,3207.5,かわ,CHI,0.671875,1.34375
3207.5,3209.5,かわいるかな,CHI,0.5617031249998945,1.123406249999789
3209.5,3211.5,ほら,CHI,0.44406249999974534,0.8881249999994907
3211.5,3213.5,かわがいた,CHI,0.6711093750000146,1.342218750000029
3213.5,3215.5,かわかがいた,CHI,0.506421875000342,1.012843750000684
3215.5,3217.5,かわかがいた,CHI,0.9757656249998945,1.951531249999789
3217.5,3219.5,かわかいたね,CHI,0.8788906249997126,1.7577812499994252
3219.5,3221.5,聞こえた?,CHI,0.60482812500004,1.20965625000008
3221.5,3223.5,さっきかわかわって言った?聞こえた?,CHI,0.8432968750003056,1.6865937500006112
3223.5,3225.5,かわか,CHI,0.40860937500019645,0.8172187500003929
3225.5,3227.5,はい,CHI,0.38735937499996,0.77471874999992
3227.5,3229.5,ちゅうは,CHI,0.46937500000012733,0.9387500000002547
3229.5,3231.5,ちゅう,CHI,0.0,0.0
3231.5,3233.5,ちゅう,CHI,0.29357812499983993,0.5871562499996799
3233.5,3235.5,あら,CHI,0.12517187499997817,0.25034374999995634
3235.5,3237.5,あら,CHI,0.8423281249997672,1.6846562499995343
3237.5,3239.5,かわ,CHI,0.4961093750002874,0.9922187500005748
3239.5,3241.5,かわ,CHI,0.5339218750000327,1.0678437500000655
3241.5,3243.5,かわ,CHI,0.4451718750001419,0.8903437500002838
3243.5,3245.5,かわ,CHI,0.28375000000005457,0.5675000000001091
3245.5,3247.5,かわ,CHI,0.0,0.0
3251.5,3253.5,みちみ,CHI,0.8688906249999491,1.7377812499998981
3253.5,3255.5,いないよ,CHI,0.6551718750001783,1.3103437500003565
3255.5,3257.5,ば,CHI,0.6160781250000582,1.2321562500001164
3257.5,3259.5,いないよ,CHI,0.4270468750000873,0.8540937500001746
3259.5,3261.5,ば,CHI,0.7851406249997126,1.5702812499994252
3261.5,3263.5,かわす,CHI,0.6381250000004002,1.2762500000008004
3263.5,3265.5,いないよ,CHI,0.6839218750001237,1.3678437500002474
3265.5,3267.5,ば,CHI,0.6803125000001273,1.3606250000002547
3267.5,3269.5,みちみ,CHI,1.0,2.0
3269.5,3271.5,いないよ,CHI,0.3923593750000691,0.7847187500001382
3271.5,3273.5,ば,CHI,0.39343749999989086,0.7868749999997817
3273.5,3275.5,いないよ,CHI,0.7295468750003238,1.4590937500006476
3275.5,3277.5,ば,CHI,0.24639062500000364,0.4927812500000073
3277.5,3279.5,はい,CHI,0.3512500000001637,0.7025000000003274
3279.5,3281.5,どうぞ,CHI,0.41545312499965803,0.8309062499993161
3281.5,3283.5,はい,CHI,0.36920312499978536,0.7384062499995707
3283.5,3285.5,ありがとう,CHI,0.5706249999998363,1.1412499999996726
3285.5,3287.5,ありがとう,CHI,0.5537500000000364,1.1075000000000728
3287.5,3289.5,ありがとう,CHI,0.8126406249998581,1.6252812499997162
3289.5,3291.5,ぼし,CHI,0.5453125000003638,1.0906250000007276
3291.5,3293.5,ぼし,CHI,0.3779843750003238,0.7559687500006476
3299.5,3301.5,ぼしじゃないでみじみ,CHI,0.7967031250000218,1.5934062500000437
3301.5,3303.5,いちごやん,CHI,0.5479531249998217,1.0959062499996435
3303.5,3305.5,ぼしどこ行った?ぼしは,CHI,1.0,2.0
3305.5,3307.5,いちごやん,CHI,0.1432656249999127,0.2865312499998254
3307.5,3309.5,いちご,CHI,0.545484375000342,1.090968750000684
3309.5,3311.5,いちご,CHI,0.25326562500004,0.50653125000008
3311.5,3313.5,みちみ,CHI,0.6035781249997854,1.2071562499995707
3313.5,3315.5,ぶどうかさん持ってきたはつもりやんのに,CHI,1.0,2.0
3315.5,3317.5,ないわぶどうが,CHI,0.6039218750001965,1.207843750000393
3317.5,3319.5,ぶどう,CHI,0.6971874999999272,1.3943749999998545
3319.5,3321.5,ぶどうがないわ,CHI,0.9754531250000582,1.9509062500001164
3321.5,3323.5,つみきつんでちょうだい,CHI,0.9704843750000691,1.9409687500001382
3325.5,3327.5,つみきつんでちょうだい,CHI,0.7254843750001783,1.4509687500003565
3327.5,3329.5,はい,CHI,0.579515624999658,1.159031249999316
3329.5,3331.5,つみきつんでちょうだい,CHI,0.5226718750000146,1.045343750000029
3331.5,3333.5,はい,CHI,0.39343749999989086,0.7868749999997817
3333.5,3335.5,よっしゃ,CHI,0.2584374999996726,0.5168749999993452
3335.5,3337.5,はい,CHI,0.0,0.0
3337.5,3339.5,さあ,CHI,0.0,0.0
3357.5,3359.5,ん?乗れるかな,CHI,0.6212499999996908,1.2424999999993815
3359.5,3361.5,できるかな,CHI,0.6634374999998727,1.3268749999997453
3367.5,3369.5,はい,CHI,0.03420312499974898,0.06840624999949796
3369.5,3371.5,はい,CHI,0.28375000000005457,0.5675000000001091
3375.5,3377.5,ちゃんとつんでよ,CHI,0.2879531250000582,0.5759062500001164
3377.5,3379.5,みちみこうやって,CHI,0.9070468750001055,1.814093750000211
3379.5,3381.5,ほら,CHI,0.0,0.0
3381.5,3383.5,うん,CHI,0.5457656250000582,1.0915312500001164
3383.5,3385.5,こうやってちゃんとやって,CHI,0.47420312499980355,0.9484062499996071
3385.5,3387.5,みちみはい,CHI,0.6954843749999782,1.3909687499999563
3387.5,3389.5,はい,CHI,0.3817031250000582,0.7634062500001164
3389.5,3391.5,はい,CHI,0.03704687500021464,0.07409375000042928
3391.5,3393.5,よし,CHI,0.0,0.0
3393.5,3395.5,かかゆで,CHI,0.0,0.0
3397.5,3399.5,ここを置いて,CHI,0.8760781249998217,1.7521562499996435
3399.5,3401.5,そーっと置いてごらん,CHI,0.09954687500021464,0.19909375000042928
3401.5,3403.5,うおー,CHI,0.5199999999999818,1.0399999999999636
3403.5,3405.5,うおー,CHI,0.2004843750000873,0.4009687500001746
3405.5,3407.5,ほら,CHI,0.0,0.0
3407.5,3409.5,あー,CHI,0.31576562500004,0.63153125000008
3409.5,3411.5,ふざとして,CHI,0.9467343750002328,1.8934687500004657
3411.5,3413.5,ふざとして,CHI,1.0,2.0
3413.5,3415.5,このやろうみじみ,CHI,0.7186093750001419,1.4372187500002838
3415.5,3417.5,ほら,CHI,0.5284375000001091,1.0568750000002183
3417.5,3419.5,ふざとして,CHI,0.8270156250000582,1.6540312500001164
3419.5,3421.5,ふざとして,CHI,1.0,2.0
3421.5,3423.5,あー,CHI,0.3804843749999236,0.7609687499998472
3423.5,3425.5,やめて,CHI,0.4098281249998763,0.8196562499997526
3425.5,3427.5,ちゃんとかいさんやってるんやからほら,CHI,0.979515624999749,1.959031249999498
3427.5,3429.5,あー,CHI,0.47764062499982174,0.9552812499996435
3429.5,3431.5,うふふ,CHI,0.8785781249998763,1.7571562499997526
3431.5,3433.5,うふふ,CHI,0.8576406249999309,1.7152812499998618
3433.5,3435.5,うふふ,CHI,0.857499999999618,1.714999999999236
3435.5,3437.5,じゃあみちみがやってよ,CHI,0.6976406250000764,1.3952812500001528
3437.5,3439.5,今度,CHI,0.38139062499976717,0.7627812499995343
3439.5,3441.5,みちみがやってごらん,CHI,0.7646875000000364,1.5293750000000728
3441.5,3443.5,うふふ,CHI,0.0,0.0
3443.5,3445.5,うふふ,CHI,0.0,0.0
3445.5,3447.5,うー,CHI,0.03607812499967622,0.07215624999935244
3447.5,3449.5,うー,CHI,1.0,2.0
3449.5,3451.5,みちみがやって,CHI,0.5848281250000582,1.1696562500001164
3451.5,3453.5,はい,CHI,0.5132656249998035,1.026531249999607
3453.5,3455.5,うー,CHI,0.16704687500032378,0.33409375000064756
3455.5,3457.5,うー,CHI,0.7731250000001637,1.5462500000003274
3457.5,3459.5,へー,CHI,0.5348281249998763,1.0696562499997526
3459.5,3461.5,はい,CHI,0.24673437499995998,0.49346874999991996
3461.5,3463.5,みちみがやってごらん今度,CHI,1.0,2.0
3463.5,3465.5,うー,CHI,0.01860937500032378,0.03721875000064756
3465.5,3467.5,あー,CHI,0.6957656249996944,1.3915312499993888
3467.5,3469.5,しゃっこり出た,CHI,0.49764062499980355,0.9952812499996071
3469.5,3471.5,しゃっこりが出た,CHI,0.27548437500036016,0.5509687500007203
3477.5,3479.5,にこちゃん,CHI,0.0,0.0
3479.5,3481.5,にこちゃん,CHI,0.0,0.0
3481.5,3483.5,あー,CHI,0.0,0.0
3483.5,3485.5,うー,CHI,0.0,0.0
3485.5,3487.5,ふんふん,CHI,0.47781250000025466,0.9556250000005093
3487.5,3489.5,かゆで,CHI,0.7945156249998035,1.589031249999607
3489.5,3491.5,はい,CHI,0.3850000000002183,0.7700000000004366
3491.5,3493.5,お手手通して,CHI,0.6492343750001055,1.298468750000211
3493.5,3495.5,しよらん,CHI,0.3832968750002692,0.7665937500005384
3495.5,3497.5,ふんふん,CHI,0.6685781249998399,1.3371562499996799
3497.5,3499.5,ふんふん,CHI,0.40295312499983993,0.8059062499996799
3499.5,3501.5,みちみ,CHI,1.0,2.0
3501.5,3503.5,しゃっこり出たからお茶飲んでみる,CHI,0.8045468750001419,1.6090937500002838
3503.5,3505.5,しゃっちゃん飲んでみる,CHI,0.7957656250000582,1.5915312500001164
3505.5,3507.5,あく,CHI,0.1292343750001237,0.2584687500002474
3507.5,3509.5,あく,CHI,0.0,0.0
3509.5,3511.5,ガーガー,CHI,0.6401406249997308,1.2802812499994616
3511.5,3513.5,ガーガーよ,CHI,0.45889062499963984,0.9177812499992797
3513.5,3515.5,ガーガー,CHI,0.5368749999997817,1.0737499999995634
3515.5,3517.5,はい,CHI,0.33264062499983993,0.6652812499996799
3517.5,3519.5,いいの?,CHI,0.6634374999998727,1.3268749999997453
3519.5,3521.5,嫌だったら飲んでいいから,CHI,0.9334374999998545,1.866874999999709
3521.5,3523.5,嫌だったら飲んでいいから,CHI,0.7692343749999964,1.5384687499999927
3523.5,3525.5,うー,CHI,0.0,0.0
3525.5,3527.5,うー,CHI,0.21107812499985812,0.42215624999971624
3527.5,3529.5,嫌だったら飲んでいいよ,CHI,0.6379843750000873,1.2759687500001746
3529.5,3531.5,はい,CHI,0.5067031250000582,1.0134062500001164
3531.5,3533.5,どこ?,CHI,0.44360937500005093,0.8872187500001019
3533.5,3535.5,おもみ見てみるほら,CHI,0.5995468750002146,1.1990937500004293
3535.5,3537.5,雨止んだかな,CHI,0.5276718750001237,1.0553437500002474
3537.5,3539.5,雨止んだかな,CHI,0.8692343750003602,1.7384687500007203
3539.5,3541.5,雨止んだかな,CHI,0.7901406249998217,1.5802812499996435
3541.5,3543.5,雨が降ってるから,CHI,0.3810781249999309,0.7621562499998618
3543.5,3545.5,おもいかれん,CHI,0.7379843749999964,1.4759687499999927
3545.5,3547.5,だろう,CHI,0.809546875000251,1.619093750000502
3547.5,3549.5,雨が降ってるから,CHI,0.2760781249999127,0.5521562499998254
3549.5,3551.5,あんまり,CHI,0.5392343749999782,1.0784687499999563
3551.5,3553.5,大丈夫みたいよ,CHI,0.7795468750000509,1.5590937500001019
3553.5,3555.5,雨降ってるから,CHI,0.48624999999992724,0.9724999999998545
3555.5,3557.5,いかれん,CHI,1.0,2.0
3557.5,3559.5,雨が降ってるからね,CHI,0.5088906249998217,1.0177812499996435
3559.5,3561.5,ガーガー,CHI,0.5764218750000509,1.1528437500001019
3561.5,3563.5,ガーガー,CHI,0.0,0.0
3563.5,3565.5,ガーガー,CHI,0.0,0.0
3565.5,3567.5,かっかいいって,CHI,0.0,0.0
3567.5,3569.5,かっかいいって,CHI,0.0,0.0
3569.5,3571.5,ゃぁてぃぇ,CHI,0.0,0.0
3571.5,3573.5,どれ,CHI,0.0,0.0
3573.5,3575.5,どれ,CHI,0.0,0.0
3575.5,3577.5,どれ,CHI,0.5115624999998545,1.023124999999709
3577.5,3579.5,時,CHI,0.7467031249998399,1.4934062499996799
3579.5,3581.5,俺らめちゃくちゃにするから,CHI,0.8532968750000691,1.7065937500001382
3581.5,3583.5,カンやん,CHI,0.4607968750001419,0.9215937500002838
3583.5,3585.5,なん,CHI,0.7429531249999854,1.485906249999971
3585.5,3587.5,めちゃくちゃにしたいろ,CHI,1.0,2.0
3587.5,3589.5,みちみが,CHI,0.7007968749999236,1.4015937499998472
3589.5,3591.5,お帽子めちゃくちゃにしたいろ,CHI,0.9754531250000582,1.9509062500001164
3591.5,3593.5,おもかいさん,CHI,0.4895468750000873,0.9790937500001746
3593.5,3595.5,ここいっぱい落ちてるよ,CHI,1.0,2.0
3597.5,3600.5,いっぱい落として、掃除してくれへんと,CHI,0.9138645833333309,2.7415937499999927
3605.5,3607.5,ひっくひっく出てるよ,CHI,0.2584374999996726,0.5168749999993452
3610.5,3612.5,これ、カイコのカイコ,CHI,0.7682656249999127,1.5365312499998254
3612.5,3614.5,カイコだこれ,CHI,0.6043749999998909,1.2087499999997817
3615.5,3618.5,カイコ、中にコケシが入ってるよ,CHI,0.9821770833332266,2.94653124999968
3619.5,3621.5,音が鳴らんで,CHI,0.26687500000025466,0.5337500000005093
3622.5,3624.5,ちょうち、なんか出た,CHI,0.6848281249999673,1.3696562499999345
3627.5,3629.5,痛い,CHI,0.46937500000012733,0.9387500000002547
3629.5,3631.5,痛い痛い,CHI,0.5368750000002365,1.073750000000473
3632.5,3634.5,痛い痛いよ,CHI,0.6043749999998909,1.2087499999997817
3638.5,3640.5,はい、道に行く,CHI,0.3023593749999236,0.6047187499998472
3640.5,3642.5,たらって、ボール,CHI,0.587500000000091,1.175000000000182
3643.5,3644.5,ガーガー,CHI,0.8190937500003201,0.8190937500003201
3644.5,3647.5,あら、カイルさんがボールの上に乗ってますよ,CHI,0.9007187499998205,2.7021562499994616
3648.5,3650.5,うー,CHI,0.42392187500036016,0.8478437500007203
3651.5,3653.5,ラークシート、オンザ、ボール,CHI,1.0,2.0
3658.5,3659.5,ガーガー,CHI,0.61846874999992,0.61846874999992
3660.5,3662.5,ガーガーがボールにしてる,CHI,0.9367031249998945,1.873406249999789
3662.5,3663.5,パパ,CHI,1.0,1.0
3663.5,3664.5,ボール,CHI,1.0,1.0
3664.5,3666.5,ボールに座ってるね,CHI,0.8020156249999673,1.6040312499999345
3668.5,3669.5,ガーガー,CHI,0.857781249999789,0.857781249999789
3669.5,3671.5,これは、ガーガー,CHI,0.6212499999996908,1.2424999999993815
3671.5,3674.5,ガーガーがボールの上に座ってます,CHI,0.9625937499998448,2.8877812499995343
3675.5,3677.5,次は,CHI,0.5898281249997126,1.1796562499994252
3679.5,3681.5,リンゴ,CHI,0.5621875000001637,1.1243750000003274
3684.5,3686.5,見て、それ,CHI,0.7225000000003092,1.4450000000006185
3686.5,3688.5,見て頂きまーす,CHI,0.47579687500001455,0.9515937500000291
3689.5,3691.5,見て頂きまーす,CHI,0.6128125000000182,1.2256250000000364
3701.5,3703.5,ブーブーは,CHI,0.45985937500017826,0.9197187500003565
3703.5,3705.5,これ、なに?,CHI,0.5582656249998763,1.1165312499997526
3705.5,3707.5,ウッサちゃん、ぴょんぴょん,CHI,0.5861093749999782,1.1722187499999563
3707.5,3709.5,ウッサちゃん、ぴょんぴょん,CHI,0.6661093750003602,1.3322187500007203
3709.5,3711.5,ぴょんぴょん,CHI,0.9932656249998217,1.9865312499996435
3711.5,3713.5,ウッサちゃん、車が座っている,CHI,0.7248593750000509,1.4497187500001019
3713.5,3715.5,ブーブー,CHI,1.0,2.0
3715.5,3717.5,ブーブー,CHI,0.36173437500019645,0.7234687500003929
3719.5,3721.5,ブーブー,CHI,0.0,0.0
3725.5,3727.5,ブーブー,CHI,0.5874999999996362,1.1749999999992724
3727.5,3729.5,オーが鳴らしてます,CHI,0.9092343750003238,1.8184687500006476
3729.5,3731.5,これは、チューチューだよ,CHI,1.0,2.0
3732.5,3735.5,ミッキーマースのチューチューだよ,CHI,0.9372916666667758,2.8118750000003274
3738.5,3740.5,これは何?,CHI,0.7140625000001819,1.4281250000003638
3740.5,3742.5,これ?,CHI,0.48624999999992724,0.9724999999998545
3743.5,3745.5,ニャンニャン,CHI,0.587500000000091,1.175000000000182
3745.5,3747.5,はい、ほら、見て,CHI,0.751390624999658,1.502781249999316
3747.5,3749.5,ニャンニャンが眼鏡かけてる,CHI,0.9160781249997854,1.8321562499995707
3750.5,3752.5,ニャンニャン、眼鏡かけてる,CHI,0.7899999999999636,1.5799999999999272
3752.5,3755.5,ニャンニャン、眼鏡かけてる,CHI,0.46479166666661814,1.3943749999998545
3758.5,3760.5,ニャンニャン、眼鏡かけてる,CHI,0.9063906249998581,1.8127812499997162
3760.5,3762.5,うんうんうん,CHI,0.4236093750000691,0.8472187500001382
3762.5,3764.5,うんうんうん,CHI,1.0,2.0
3764.5,3766.5,ニャニャ、メガネかけてる,CHI,0.5329843750000691,1.0659687500001382
3766.5,3768.5,ほら、メガネかけてるよ,CHI,0.5117343750002874,1.0234687500005748
3768.5,3770.5,こっちはかけてないね,CHI,0.6676718749999964,1.3353437499999927
3770.5,3772.5,メガネかけてないね,CHI,1.0,2.0
3772.5,3774.5,パッと見たら、こっちのニャニャ、メガネかけてるよ,CHI,0.8867343750002874,1.7734687500005748
3774.5,3776.5,ね,CHI,0.3681249999999636,0.7362499999999272
3782.5,3784.5,何がある?,CHI,0.6286093749999964,1.2572187499999927
3786.5,3788.5,あ、たまごちゃん,CHI,0.43423437499996,0.86846874999992
3788.5,3790.5,たまごにマフラーかけてるよ,CHI,0.8939218750001601,1.7878437500003201
3794.5,3796.5,たまごにマフラーかけてるね,CHI,0.0,0.0
3804.5,3806.5,ブーブー,CHI,0.562187499999709,1.124374999999418
3806.5,3808.5,ブーブー、豚さん,CHI,0.6351718750001965,1.270343750000393
3808.5,3810.5,ブーブー、豚さん、ほら,CHI,0.5970468750001601,1.1940937500003201
3810.5,3812.5,ほら,CHI,0.0,0.0
3812.5,3814.5,豚を,CHI,0.0,0.0
3816.5,3818.5,うせちゃんがぼしながか入ったね,CHI,1.0,2.0
3818.5,3820.5,うせちゃん、ぴょんぴょん,CHI,0.7001406249996762,1.4002812499993524
3820.5,3822.5,ぼしながかに入ったよ,CHI,1.0,2.0
3832.5,3834.5,あ、トラックがあった,CHI,0.9832968750001783,1.9665937500003565
3834.5,3836.5,トラック,CHI,0.6634375000003274,1.3268750000006548
3836.5,3838.5,いちみなしきなトラック,CHI,0.6707968750001783,1.3415937500003565
3838.5,3840.5,トラック,CHI,0.6550000000002001,1.3100000000004002
3842.5,3844.5,メガネがするよ,CHI,0.9129531250000582,1.8259062500001164
3848.5,3850.5,メガネあったけどな,CHI,1.0,2.0
3850.5,3852.5,メガネのもちあったけどな,CHI,0.6604531250000036,1.3209062500000073
3856.5,3858.5,わかんないね,CHI,0.690453124999749,1.380906249999498
3858.5,3860.5,ないね、ここに,CHI,0.7792031249996398,1.5584062499992797
3864.5,3866.5,メガネがあったのにないね,CHI,0.9132968750000146,1.826593750000029
3866.5,3868.5,ないわ,CHI,0.28454687500016007,0.5690937500003201
3872.5,3874.5,メガネ,CHI,0.49764062499980355,0.9952812499996071
3878.5,3880.5,メガネ,CHI,0.5529531249999309,1.1059062499998618
3880.5,3882.5,めめ悪い人がメガネかけるんですよ,CHI,1.0,2.0
3888.5,3890.5,いちみん,CHI,0.743578124999658,1.487156249999316
3890.5,3892.5,このミッキー,CHI,0.6961093750001055,1.392218750000211
3892.5,3894.5,ミニー,CHI,0.7507968750001055,1.501593750000211
3894.5,3896.5,メガネかけてる,CHI,0.798437500000091,1.596875000000182
3896.5,3898.5,メガネ,CHI,0.545312499999909,1.090624999999818
3898.5,3900.5,いっしょ,CHI,0.5460781249998945,1.092156249999789
3900.5,3902.5,ヤンニャンメガネかけてる,CHI,0.7923593750001601,1.5847187500003201
3902.5,3904.5,ミッキーとミニーがメガネかけてる,CHI,1.0,2.0
3904.5,3906.5,あれ、ミニーちゃん,CHI,0.75326562500004,1.50653125000008
3906.5,3908.5,ハート型のメガネしてる?,CHI,0.6442343749999964,1.2884687499999927
3908.5,3910.5,ヤンニャン,CHI,0.562187499999709,1.124374999999418
3910.5,3912.5,うん、ヤンニャン,CHI,0.5790625000004184,1.1581250000008367
3912.5,3914.5,ヤンニャン、メガネ,CHI,0.7661093750002692,1.5322187500005384
3914.5,3916.5,メガネ,CHI,0.34829687499996,0.69659374999992
3916.5,3918.5,うん,CHI,0.4018750000000182,0.8037500000000364
3918.5,3920.5,もっといっしょ,CHI,0.671875,1.34375
3920.5,3922.5,メガネかけてる,CHI,0.48624999999992724,0.9724999999998545
3922.5,3924.5,メガネ,CHI,0.5226406249998945,1.045281249999789
3924.5,3926.5,ミニーちゃんのパパのメガネかけてるよ,CHI,0.4440625000002001,0.8881250000004002
3926.5,3928.5,メガネ,CHI,0.5706249999998363,1.1412499999996726
3928.5,3930.5,はい、終わりです,CHI,0.5442031249999673,1.0884062499999345
3930.5,3932.5,はい,CHI,0.06017187500037835,0.1203437500007567
3932.5,3934.5,この前,MOT,0.5031250000001819,1.0062500000003638
3934.5,3936.5,40分で,MOT,0.8020156249999673,1.6040312499999345
3936.5,3938.5,2時間取れられてましたっけ,MOT,0.7726718750000146,1.545343750000029
3938.5,3940.5,40分じゃなくて,MOT,0.8445156249999854,1.689031249999971
3940.5,3942.5,60分取れらればいいって,MOT,0.6036093750003602,1.2072187500007203
3942.5,3944.5,って話です,MOT,0.25843750000012733,0.5168750000002547
3944.5,3946.5,今,MOT,0.35139062500002183,0.7027812500000437
3946.5,3948.5,60分取れたんですけど,MOT,0.7339218750003056,1.4678437500006112
3948.5,3950.5,うずさんのサラダさん,MOT,0.5120156250000036,1.0240312500000073
3950.5,3952.5,60分,MOT,0.4995156249997308,0.9990312499994616
3952.5,3954.5,なんていうか、不納でそれを見られてたら,MOT,1.0,2.0
3954.5,3956.5,出してから何かでいいって言う風に,MOT,0.9385781249998217,1.8771562499996435
3956.5,3958.5,感じて,MOT,0.6445468750002874,1.2890937500005748
3958.5,3960.5,途中であれどんだったかなって思ったんですけど,MOT,1.0,2.0
3960.5,3962.5,今、プリュースに取ったんですよ,MOT,0.5382656249998945,1.076531249999789
3962.5,3964.5,あれを覗いて,MOT,1.0,2.0
3964.5,3966.5,あれを覗いて,CHI,0.4778124999997999,0.9556249999995998
3966.5,3968.5,あんまり変わりないでしょ,MOT,0.6948281249997308,1.3896562499994616
3968.5,3970.5,そうです,MOT,0.6296874999998181,1.2593749999996362
3970.5,3972.5,いいですか?,MOT,0.6529531249998399,1.3059062499996799
3972.5,3974.5,あ,MOT,0.4070468750001055,0.814093750000211
3974.5,3976.5,実際ね、ダウンでも違うんですよね,MOT,1.0,2.0
3976.5,3978.5,3分,MOT,1.0,2.0
3978.5,3980.5,2分の1倍か,MOT,0.6296874999998181,1.2593749999996362
3980.5,3982.5,2分の3倍があるので,MOT,1.0,2.0
3982.5,3984.5,あの,MOT,0.8745468750003056,1.7490937500006112
3984.5,3986.5,プリュースにどれだけ喋ってくれればいいんですけど,MOT,0.6667031249999127,1.3334062499998254
3986.5,3988.5,やっぱり後半20分,MOT,1.0,2.0
3988.5,3990.5,結構出すってですよ,MOT,0.6926718750000873,1.3853437500001746
3990.5,3992.5,どうもありがとうございました,MOT,0.9667031249996398,1.9334062499992797
3992.5,3994.5,よし,MOT,0.3211093750001055,0.642218750000211
3994.5,3996.5,次回の動画では,MOT,0.7731250000001637,1.5462500000003274
3996.5,3998.5,またちょっと改めて,MOT,0.0,0.0
3998.5,4000.5,というのがするかもしれません,MOT,0.0,0.0
4000.5,4002.5,はい,CHI,0.0,0.0
4004.5,4006.5,キリンがいいとね,CHI,0.4657656249996762,0.9315312499993524
4006.5,4008.5,なんか,CHI,0.46767187500017826,0.9353437500003565
4008.5,4010.5,落とすからね,CHI,0.5729843750000327,1.1459687500000655
4010.5,4012.5,プチプチプチプチ,CHI,1.0,2.0
4012.5,4014.5,いいとか言い出して,CHI,0.6128125000000182,1.2256250000000364
4014.5,4016.5,それは何でしょ,CHI,1.0,2.0
4016.5,4018.5,プチプチ,CHI,1.0,2.0
4018.5,4020.5,いいんだけど,CHI,0.47781250000025466,0.9556250000005093
4020.5,4022.5,何か全然言わなかったね,CHI,0.7370156249999127,1.4740312499998254
4022.5,4024.5,意味のない言葉を,CHI,1.0,2.0
4024.5,4026.5,いいです,CHI,0.8659375000002001,1.7318750000004002
4026.5,4028.5,いいです,CHI,0.3428125000000364,0.6856250000000728
4034.5,4036.5,ないない,CHI,0.6326406250000218,1.2652812500000437
4036.5,4038.5,ないない,CHI,0.08142187500016007,0.16284375000032014
4038.5,4040.5,ないない,CHI,0.3629531249998763,0.7259062499997526
4040.5,4042.5,結構1本でいいんですよね,CHI,0.2751718750000691,0.5503437500001382
4042.5,4044.5,あ,MOT,0.8192343750001783,1.6384687500003565
4044.5,4046.5,そうです、1本取らなかったんで,CHI,1.0,2.0
4046.5,4048.5,あ、いやそれも挿し上げてもいいんですけど,CHI,0.6550000000002001,1.3100000000004002
4048.5,4050.5,2かまりましたよ,MOT,1.0,2.0
4050.5,4052.5,あのー,MOT,0.9536093750002692,1.9072187500005384
4052.5,4054.5,せっかく取ったのに,MOT,1.0,2.0
4054.5,4056.5,また使われますでしょ,MOT,0.7354531249998217,1.4709062499996435
4058.5,4060.5,こっちには,CHI,1.0,2.0
4060.5,4062.5,撮影のために,MOT,0.8582656250000582,1.7165312500001164
4062.5,4064.5,いや、そっちには,MOT,0.65170312500004,1.30340625000008
4064.5,4066.5,その機会何したっけ,CHI,0.6813906249999491,1.3627812499998981
4066.5,4068.5,同じものが,MOT,1.0,2.0
4068.5,4070.5,使ってください,MOT,0.6381249999999454,1.2762499999998909
4070.5,4072.5,え、違うんですか?テープが,CHI,1.0,2.0
4072.5,4074.5,手順が違うんですか?,MOT,0.8760781249998217,1.7521562499996435
4074.5,4076.5,これは違うんですけど,MOT,0.8804531249998035,1.760906249999607
4076.5,4078.5,大学でも使えますけど,MOT,0.6520468749999964,1.3040937499999927
4078.5,4080.5,どっちでも,MOT,0.5548593749999782,1.1097187499999563
4080.5,4082.5,よいしょ,CHI,0.7417031249997308,1.4834062499994616
4083.5,4085.5,あのー,MOT,0.5692343750001783,1.1384687500003565
4085.5,4087.5,赤いピツあります?,MOT,0.7104531249997308,1.4209062499994616
4087.5,4089.5,ちょっと,MOT,0.8811093750000509,1.7622187500001019
4089.5,4091.5,え、赤の方が,MOT,0.8879531249999673,1.7759062499999345
4091.5,4093.5,別に,CHI,0.7036093750002692,1.4072187500005384
4093.5,4095.5,それじゃなくてもいいですか,MOT,0.7498593750001419,1.4997187500002838
4095.5,4097.5,さっきオッパールの時に見てたら,MOT,0.8382968750001965,1.676593750000393
4098.5,4100.5,ちょっとお聞きしたいことがあったんで,MOT,0.7726406250003492,1.5452812500006985
4112.5,4114.5,これでしたっけ,MOT,0.0,0.0
4114.5,4116.5,いや、どれでもいいんですけど,CHI,0.0,0.0
4116.5,4118.5,ちょっとお聞きしたいことなんですかね,CHI,0.0,0.0
4118.5,4120.5,いや、これではないんだもん,CHI,0.0,0.0
4120.5,4122.5,あ、違う,CHI,0.0,0.0
4122.5,4124.5,そう、イビンちゃんお写真と,CHI,0.0,0.0
4124.5,4126.5,あ、みちみ,CHI,0.0,0.0
4126.5,4128.5,みちみちゃん,CHI,0.6735781249999491,1.3471562499998981
4128.5,4130.5,チーズ,CHI,0.28982812499998545,0.5796562499999709
4130.5,4132.5,はい,CHI,0.6148281249998035,1.229656249999607
4132.5,4134.5,え、いいかできました?,CHI,0.22579687500001455,0.4515937500000291
4134.5,4136.5,はい,CHI,0.11173437500019645,0.2234687500003929
4136.5,4138.5,はい,CHI,0.0,0.0
4138.5,4140.5,はい,CHI,0.0,0.0
4140.5,4142.5,はい、いいかできました?,CHI,0.0,0.0
4142.5,4144.5,はい、いいか,CHI,0.0,0.0
4144.5,4146.5,はい、いいかは,CHI,0.0,0.0
4146.5,4148.5,みちみ,CHI,0.11826562500027649,0.23653125000055297
4148.5,4150.5,はい、チーズ,CHI,0.7478124999997817,1.4956249999995634
4150.5,4152.5,あり,MOT,0.8526406250002765,1.705281250000553
4152.5,4154.5,あ、でも好きじゃないですか,MOT,0.7811093749996871,1.5622187499993743
4154.5,4156.5,好きでしょう写真,MOT,0.7598593749999054,1.5197187499998108
4156.5,4158.5,あら、何あった?何食べたの?,CHI,1.0,2.0
4158.5,4160.5,黒いな,MOT,0.48110937500041473,0.9622187500008295
4160.5,4162.5,あれ、本当に,MOT,0.6623593750000509,1.3247187500001019
4162.5,4164.5,ちょっとください,MOT,0.4946874999995998,0.9893749999991996
4164.5,4166.5,ちょっと,MOT,0.0,0.0
4166.5,4168.5,ちょっと,MOT,0.0,0.0
4168.5,4170.5,このタイムはしばいいんですけど,CHI,0.0,0.0
4170.5,4172.5,え,CHI,0.3479531249995489,0.6959062499990978
4172.5,4174.5,何,CHI,0.44204687500041473,0.8840937500008295
4176.5,4178.5,どうしたか,CHI,0.0,0.0
4178.5,4180.5,みんな,CHI,0.0,0.0
4180.5,4182.5,変わる,CHI,0.7478124999997817,1.4956249999995634
4182.5,4184.5,どうだったらできた,CHI,0.0,0.0
4184.5,4186.5,あの,CHI,0.0,0.0
4186.5,4188.5,え,CHI,0.2921874999992724,0.5843749999985448
4188.5,4190.5,うん,CHI,0.0,0.0
4190.5,4192.5,そうそうそう,CHI,0.0,0.0
4192.5,4194.5,この、あ、黒,CHI,0.0,0.0
4194.5,4196.5,え、あ、これがごって書いてあるんですけど,CHI,0.0,0.0
4196.5,4198.5,書いてないですよね,CHI,0.0,0.0
4198.5,4200.5,どうしたのかなと思った,CHI,0.4260781249995489,0.8521562499990978
4200.5,4202.5,あ、分かんない,CHI,0.8153124999998909,1.6306249999997817
4202.5,4204.5,あれ?,MOT,0.3926406250002401,0.7852812500004802
4204.5,4206.5,前回のがこれですよね,MOT,0.7770468750004511,1.5540937500009022
4206.5,4208.5,それで,MOT,0.0,0.0
4208.5,4210.5,タイム付け落としてるだけですかね,MOT,0.5407656249999491,1.0815312499998981
4210.5,4212.5,つめ,MOT,0.5529843750000509,1.1059687500001019
4212.5,4214.5,あ、つめは2ですね,CHI,1.0,2.0
4214.5,4216.5,ずっとして分かるで,CHI,1.0,2.0
4216.5,4218.5,あとこれ,CHI,0.5920156250003856,1.1840312500007713
4218.5,4220.5,分からない,CHI,1.0,2.0
4220.5,4222.5,は、向きにうなって,CHI,1.0,2.0
4222.5,4224.5,なっているから,CHI,1.0,2.0
4224.5,4226.5,あ、そう、そう,CHI,0.570625000000291,1.141250000000582
4226.5,4228.5,そうですねそうですね,CHI,0.8585781250003492,1.7171562500006985
4228.5,4230.5,記入に帰ってしまった,MOT,0.9135781249997308,1.8271562499994616
4230.5,4232.5,いや、帰ってないですよ,MOT,1.0,2.0
4232.5,4234.5,記入っていうのをやめて,MOT,0.9182968750001237,1.8365937500002474
4234.5,4236.5,書き落としたのか,MOT,0.9604531249997308,1.9209062499994616
4236.5,4238.5,それともホテルソーラーから,MOT,1.0,2.0
4238.5,4240.5,なんなんで一応書いてもらおう,MOT,1.0,2.0
4240.5,4242.5,ってことに,MOT,1.0,2.0
4242.5,4244.5,あ、そういうこと,MOT,1.0,2.0
4244.5,4246.5,あ、それは見えますか,MOT,0.3942343750004511,0.7884687500009022
4246.5,4248.5,これ,MOT,0.0,0.0
4248.5,4250.5,これ,MOT,0.0,0.0
4250.5,4252.5,これ,MOT,0.31750000000010914,0.6350000000002183
4252.5,4254.5,これ,MOT,0.0,0.0
4254.5,4256.5,番号がないですけど,MOT,0.2584374999996726,0.5168749999993452
4256.5,4258.5,番号,MOT,0.4693750000005821,0.9387500000011642
4258.5,4260.5,ここでいいんですかね,CHI,0.4525000000003274,0.9050000000006548
4260.5,4262.5,あ、あ、あ、あ、あ,CHI,1.0,2.0
4262.5,4264.5,確実に分かってるでいいんですかね,CHI,0.2837499999995998,0.5674999999991996
4264.5,4266.5,分かってる,CHI,0.4776406250002765,0.955281250000553
4266.5,4268.5,あ、番号,CHI,0.776421874999869,1.552843749999738
4268.5,4270.5,多分4番,CHI,0.9407968750001601,1.8815937500003201
4270.5,4272.5,はい,CHI,0.6128124999995634,1.2256249999991269
4272.5,4274.5,これが何口が,MOT,1.0,2.0
4274.5,4276.5,はい、ここに,MOT,0.4067031249996944,0.8134062499993888
4276.5,4278.5,それですよね,MOT,0.2989218749999054,0.5978437499998108
4278.5,4280.5,なんでこれ,MOT,0.0,0.0
4280.5,4282.5,こっちの方に行きましたっけ,MOT,0.8332656249995125,1.666531249999025
4282.5,4284.5,これ,MOT,0.6013906250000218,1.2027812500000437
4284.5,4286.5,コピーをお渡しするのをやめて,MOT,0.7323281250000946,1.4646562500001892
4286.5,4288.5,はい,MOT,1.0,2.0
4288.5,4290.5,毎回前のことも覚えてなくていいですから,MOT,1.0,2.0
4290.5,4292.5,その時の状態をつけて,MOT,1.0,2.0
4292.5,4294.5,いただきたいんですけど,MOT,0.9895468750000873,1.9790937500001746
4294.5,4296.5,結局手紙は,MOT,0.46732812499976717,0.9346562499995343
4296.5,4298.5,同じことだってことが分かったんですね,MOT,1.0,2.0
4298.5,4300.5,結局前のやつのコピーを,MOT,1.0,2.0
4300.5,4302.5,こうやって見るんでも,MOT,0.6936093750000509,1.3872187500001019
4302.5,4304.5,読みますもんね,CHI,1.0,2.0
4304.5,4306.5,同じことでしょ,MOT,1.0,2.0
4306.5,4308.5,で、ちょっとあの、しみやってる人間からの,MOT,1.0,2.0
4308.5,4310.5,相談があって,MOT,1.0,2.0
4310.5,4312.5,できれば,MOT,1.0,2.0
4312.5,4314.5,毎回さらにやってほしいって言うんですね,MOT,1.0,2.0
4314.5,4316.5,考えたら手前一緒だし,MOT,1.0,2.0
4316.5,4318.5,長さんと,MOT,1.0,2.0
4318.5,4320.5,一緒だって言うんで,MOT,0.6373593750004147,1.2747187500008295
4320.5,4322.5,僕も自分の方やってるんですけど,MOT,1.0,2.0
4322.5,4324.5,だから,CHI,0.8829531250003129,1.7659062500006257
4324.5,4326.5,心動にしようと思って,MOT,0.6073593749997599,1.2147187499995198
4326.5,4328.5,でですね,MOT,0.5101718750001965,1.020343750000393
4328.5,4330.5,今ちょっと見ちゃいました,MOT,1.0,2.0
4330.5,4332.5,後で,MOT,0.7714218749997599,1.5428437499995198
4332.5,4334.5,要するに前のことは忘れてくだった結構です,MOT,1.0,2.0
4334.5,4336.5,前何番だったかなとか,MOT,1.0,2.0
4336.5,4338.5,見たないでください,MOT,0.7076718750004147,1.4153437500008295
4338.5,4340.5,それで結構です,MOT,1.0,2.0
4340.5,4342.5,ちょっと2回書かなきゃいけないっていう,MOT,1.0,2.0
4342.5,4344.5,意味の手間が増えるんですけど,MOT,1.0,2.0
4344.5,4346.5,こちらに関しては一緒だと思います,MOT,1.0,2.0
4346.5,4348.5,それからさっき言いましたけど,MOT,0.6098593750002692,1.2197187500005384
4348.5,4350.5,わからないっていうのも,MOT,1.0,2.0
4350.5,4352.5,向き入れじゃなくて,MOT,1.0,2.0
4352.5,4354.5,1回ってください,MOT,0.5629843750002692,1.1259687500005384
4354.5,4356.5,それで,MOT,1.0,2.0
4356.5,4358.5,言うけどもわかってる,MOT,1.0,2.0
4358.5,4360.5,っていうのが5じゃなくて,MOT,1.0,2.0
4360.5,4362.5,2とか3かなって思うのがあると思うんですよ,MOT,0.5442031249995125,1.088406249999025
4362.5,4364.5,だから,MOT,1.0,2.0
4364.5,4366.5,でわかる方も,MOT,1.0,2.0
4366.5,4368.5,言ってもわかる方も,MOT,1.0,2.0
4368.5,4370.5,全部数字を入れてください,MOT,0.6207656249998763,1.2415312499997526
4370.5,4372.5,それが一番わかりやすい方だと思うんですね,MOT,1.0,2.0
4372.5,4374.5,ちょっと変えますね,MOT,1.0,2.0
4374.5,4376.5,ちょっと,MOT,0.7520156250002401,1.5040312500004802
4376.5,4378.5,すみません,MOT,0.6876718749999782,1.3753437499999563
4378.5,4380.5,なんかわかりやすかったら質問してください,MOT,0.7254843749997235,1.450968749999447
4380.5,4382.5,これで,CHI,0.8410781249995125,1.682156249999025
4382.5,4384.5,はい,CHI,0.31173437500001455,0.6234687500000291
4384.5,4386.5,よいしょ,CHI,0.2676406250002401,0.5352812500004802
4386.5,4388.5,どれくらいな,CHI,0.3536093749999054,0.7072187499998108
