start,end,speaker,f0,rms
6.308468750000001,6.98346875,S2,183.05227413435102,0.1901203989982605
7.574093750000001,14.20596875,S2,113.15067157782016,0.1488294005393982
15.488468750000003,19.75784375,S2,114.31170141252818,0.15512420237064362
20.770343750000002,23.33534375,S2,110.62952169620674,0.10756528377532959
23.504093750000003,24.07784375,S2,109.70149253731343,0.09553533792495728
24.07784375,25.883468750000002,S1,157.54279692243034,0.16606280207633972
24.145343750000002,24.43221875,S2,110.21403324895459,0.17730633914470673
25.832843750000002,27.452843750000003,S2,161.0602159337775,0.12889769673347473
28.12784375,29.612843750000003,S2,283.9872653597649,0.16479752957820892
29.612843750000003,31.688468750000002,S1,357.27512907595485,0.13304725289344788
31.48596875,33.00471875,S2,265.6864568160205,0.164078027009964
33.76409375,37.02096875,S2,312.18079250327764,0.1975235491991043
35.19846875,35.721593750000004,S1,377.36150548864515,0.20059862732887268
37.02096875,38.978468750000005,S1,314.5947873129775,0.23204125463962555
39.45096875,40.463468750000004,S2,154.12826219928303,0.3105331361293793
41.35784375,43.14659375,S2,223.54248295166866,0.20143313705921173
43.70346875,45.930968750000005,S2,406.41791407599675,0.17150279879570007
48.22596875,48.95159375,S2,180.76176647857415,0.09125278890132904
49.98096875,51.60096875,S2,174.34678726969457,0.09669811278581619
51.88784375,52.461593750000006,S2,161.56694427743344,0.11063237488269806
53.440343750000004,55.29659375000001,S2,157.5481882295132,0.12315002828836441
55.87034375,67.88534375,S2,174.9140498926434,0.0946793183684349
68.23971875000001,70.97346875000001,S2,162.497614908154,0.09058430045843124
71.02409375,75.14159375,S2,294.553381644159,0.16912192106246948
76.98096875,82.58346875000001,S2,257.97323092290736,0.1420888453722
83.81534375000001,85.50284375000001,S2,171.01006738285662,0.2217141091823578
85.50284375000001,85.97534375000001,S1,374.6780433643996,0.15814870595932007
85.97534375000001,86.02596875,S2,366.27268422873897,0.16119398176670074
86.02596875,86.17784375000001,S1,364.3417426084844,0.11838267743587494
86.17784375000001,88.42221875,S2,184.71259430562188,0.13860675692558289
88.48971875000001,88.50659375000001,S2,130.39487821913102,0.02491065114736557
88.50659375000001,88.97909375,S1,153.73594398094752,0.06785383820533752
88.97909375,90.51471875,S2,162.49633627839185,0.10776253789663315
90.32909375,92.05034375000001,S1,388.1761540382069,0.1646443009376526
92.13471875,93.02909375,S2,315.84718975103385,0.17154240608215332
93.85596875,95.56034375,S1,413.38700513210404,0.1699545830488205
96.55596875,96.70784375000001,S2,303.7240768538191,0.2234148383140564
96.70784375000001,96.75846875,S1,816.6666666666666,0.11802563816308975
97.09596875000001,97.68659375,S1,281.7123366060715,0.11747892946004868
97.88909375,99.47534375000001,S1,327.968345011308,0.1369646042585373
99.08721875,99.82971875000001,S2,215.98577910305596,0.14937260746955872
100.13346875,101.02784375,S2,174.95672081760935,0.08840078860521317
101.36534375000001,101.56784375000001,S2,155.9546730216853,0.06830522418022156
101.71971875000001,109.16159375000001,S2,184.78177692256284,0.11691197007894516
109.54971875000001,111.65909375000001,S2,149.00155183020564,0.10890547931194305
114.83159375000001,123.11721875,S2,193.75904692863443,0.08819350600242615
123.57284375,126.01971875000001,S1,302.96543904252405,0.12684771418571472
126.34034375,132.58409375000002,S2,319.9895485836618,0.1703614592552185
130.32284375,130.89659375000002,S1,348.0578368453195,0.24739453196525574
132.55034375,134.62596875,S1,383.58931664019843,0.16571463644504547
135.06471875,136.66784375,S2,217.63730773784923,0.15081974864006042
136.73534375,139.89096875,S1,261.90178905434516,0.16131003201007843
140.41409375,141.20721875,S2,215.72030246448998,0.15166692435741425
140.76846875,142.75971875000002,S1,358.8498994539865,0.1873161345720291
142.75971875000002,143.02971875,S2,240.07700215704386,0.13330651819705963
143.02971875,143.06346875,S1,588.3615396326229,0.12754018604755402
143.06346875,143.19846875000002,S2,186.52227188658065,0.1427544802427292
143.19846875000002,143.80596875,S1,248.07391565287637,0.1458907276391983
143.73846875,148.02471875,S2,215.8107729403891,0.14409098029136658
148.49721875,149.37471875,S2,176.38402531991795,0.07418517023324966
150.69096875,156.12471875,S2,167.02918855601405,0.11108161509037018
156.12471875,156.17534375,S1,209.44464087557756,0.049677491188049316
158.40284375000002,162.53721875000002,S1,242.56433671298933,0.06881522387266159
164.22471875000002,167.43096875,S2,189.65648209868797,0.11218920350074768
168.34221875,169.21971875,S2,253.3150865617829,0.13352729380130768
171.24471875,171.73409375,S2,550.3854688229344,0.18332260847091675
174.55221875,175.91909375,S2,198.32622628673417,0.24384145438671112
176.07096875000002,176.10471875000002,S1,816.6666666666666,0.15483465790748596
181.58909375000002,181.69034375,S1,402.7158820557863,0.2063276320695877
182.39909375000002,184.12034375000002,S1,307.17453936992825,0.22603806853294373
192.72659375,193.31721875000002,S1,115.94003434736645,0.16399212181568146
198.80159375000002,205.80471875,S2,155.4354822647096,0.12736085057258606
224.35034375,228.04596875000001,S2,162.90426095392024,0.1372082233428955
232.01159375,233.51346875000002,S2,173.64748338916536,0.14959768950939178
234.66096875000002,236.07846875,S1,351.92540152081637,0.1634916365146637
236.73659375000003,237.41159375,S2,159.92345290612226,0.10358866304159164
238.10346875000002,239.21721875000003,S1,205.81978304621018,0.1886570304632187
239.38596875000002,240.09471875000003,S2,146.84782894187998,0.18100231885910034
240.56721875000002,240.58409375000002,S1,178.49722684732174,0.048481374979019165
243.25034375,243.28409375,S2,202.4784018463381,0.16383370757102966
245.96721875000003,246.82784375000003,S1,345.18644017302495,0.1802896112203598
249.15659375,254.21909375,S1,174.37134011068707,0.20987124741077423
254.59034375000002,255.99096875000004,S1,164.9327086855364,0.16651801764965057
256.51409375000003,261.54284375000003,S2,151.9347632062263,0.09450961649417877
259.80471875,260.22659375,S1,150.6016002501895,0.09868418425321579
262.53846875,263.65221875000003,S1,242.36781902969176,0.15525998175144196
263.71971875,266.40284375000005,S2,157.26668587373754,0.10777445137500763
266.62221875,268.93409375000005,S2,177.1740215430678,0.13594630360603333
268.03971875,268.22534375000004,S1,488.09115451356917,0.16430909931659698
268.54596875000004,268.63034375,S1,145.32223168438586,0.1250324249267578
269.38971875000004,269.40659375,S1,789.134379158412,0.03937932848930359
269.40659375,270.09846875,S2,208.74894215701386,0.1311623752117157
270.41909375,274.40159375,S2,165.68559853594297,0.13982516527175903
276.05534375,276.08909375,S1,205.17764741053878,0.04475381597876549
278.02971875000003,278.14784375,S1,464.3779760140259,0.0901627242565155
279.04221875,279.66659375,S1,400.2931973318039,0.10076258331537247
281.21909375,281.75909375000003,S1,452.11336478587094,0.12328393012285233
282.46784375000004,283.61534375,S1,142.6258510101004,0.07545691728591919
284.57721875000004,285.58971875000003,S1,158.6916562267853,0.09171673655509949
286.09596875,288.03659375,S2,168.16994842170203,0.10635802894830704
288.44159375000004,289.96034375,S2,190.3245232636516,0.09912332892417908
302.26221875000005,303.22409375,S1,202.9951764759146,0.11376259475946426
306.91971875,306.93659375000004,S1,131.40763053171676,0.03012172318994999
318.04034375000003,319.01909375,S1,201.0782922118816,0.1475410759449005
320.62221875,321.34784375000004,S1,135.9607275055811,0.12227857112884521
322.88346875,324.73971875,S2,162.02702894346268,0.11388397961854935
326.10659375,326.74784375,S2,208.65563729750005,0.15879413485527039
328.70534375,330.07221875000005,S2,164.9539074560966,0.11085253208875656
330.62909375000004,332.04659375,S2,170.6723301507748,0.10124646127223969
333.26159375000003,334.20659375,S2,153.50084706028707,0.09665125608444214
335.33721875000003,337.42971875,S1,253.04670303012318,0.1574021726846695
338.77971875000003,339.11721875,S1,303.6510609242471,0.10507429391145706
339.11721875,340.39971875000003,S2,207.05019984939312,0.17939874529838562
340.04534375000003,340.31534375,S1,147.85983497587907,0.2159489095211029
340.33221875000004,341.96909375,S1,379.9417848467359,0.2967042922973633
342.27284375000005,342.49221875,S1,392.9191529861853,0.29593390226364136
343.60596875000005,346.94721875000005,S2,213.93844687800674,0.15061070024967194
347.43659375000004,349.93409375000005,S2,160.86171050946848,0.2221691757440567
350.10284375000003,351.62159375000005,S2,161.81625393303156,0.180559903383255
351.97596875000005,352.63409375000003,S2,164.59031797982533,0.1479862779378891
352.90409375,354.35534375000003,S2,169.0482617808207,0.1410890519618988
355.19909375000003,355.97534375000004,S2,184.18822508863846,0.11688821762800217
356.02596875,358.01721875000004,S2,168.9745268154378,0.11077568680047989
361.27409375,361.94909375000003,S2,193.6783027066773,0.19939403235912323
361.98284375000003,361.99971875,S2,109.70149253731343,0.086944580078125
361.99971875,364.83471875000004,S1,337.2123796584829,0.20397533476352692
366.21846875,367.66971875,S1,535.2574349889195,0.2170913815498352
368.00721875000005,368.90159375,S1,816.6666666666666,0.3444337844848633
378.04784375,379.24596875000003,S2,175.68418085183805,0.0895409807562828
401.04846875000004,401.94284375,S1,509.58503356858915,0.10548245906829834
401.94284375,402.39846875,S2,474.67765529812976,0.08090357482433319
403.25909375000003,405.23346875000004,S2,555.9758692505496,0.1151713877916336
405.53721875,406.39784375000005,S2,236.06598871968487,0.1389073133468628
406.85346875000005,408.15284375000005,S1,285.67269456417455,0.23663611710071564
408.47346875000005,410.49846875000003,S1,365.26287372225374,0.2241659313440323
411.13971875000004,411.79784375,S1,355.419819676298,0.15540114045143127
412.16909375,413.62034375,S2,156.93033722531777,0.11993657797574997
413.43471875,413.48534375,S1,301.54368484625763,0.25378647446632385
413.62034375,413.67096875000004,S1,288.99581889350645,0.21749062836170197
413.67096875000004,414.21096875,S2,255.47705640280458,0.2684018909931183
415.24034375,419.42534375,S1,261.75788389313516,0.15255236625671387
419.42534375,419.89784375000005,S2,193.2007911186688,0.09629067033529282
420.45471875000004,422.36159375000005,S1,400.7182031613727,0.18826031684875488
421.87221875,422.19284375,S2,454.64316317309755,0.20779550075531006
422.36159375000005,423.59346875,S2,314.04039463514107,0.15651223063468933
423.40784375000004,425.16284375000004,S1,578.4092338100287,0.18913394212722778
432.21659375,433.83659375,S2,197.08771574187068,0.14292649924755096
436.09784375000004,436.85721875,S2,214.90275650970355,0.13705132901668549
436.97534375000004,437.02596875,S2,518.3833828858324,0.07121565192937851
437.05971875,437.76846875,S2,145.49919305325847,0.14285993576049805
437.97096875000005,438.78096875000006,S2,216.2355092711931,0.1348029226064682
438.96659375,439.55721875,S2,157.19380185094116,0.09752597659826279
440.06346875,440.51909375,S2,225.13940761229617,0.20860634744167328
445.88534375,446.13846875,S1,382.0929953882598,0.1371576488018036
448.65284375000005,449.78346875000005,S1,444.282988318864,0.1906348615884781
450.61034375,451.50471875000005,S1,430.36093521519706,0.16305698454380035
454.05284375,454.89659375,S1,420.997723935917,0.1205209270119667
464.00909375000003,464.41409375,S1,362.8279805211927,0.09221476316452026
465.00471875000005,465.81471875000005,S1,310.76048803235847,0.1064697727560997
467.73846875000004,468.46409375,S1,414.01052468315225,0.13726677000522614
469.25721875000005,469.96596875000006,S1,416.39147181499044,0.1363319605588913
470.70846875,471.13034375,S1,461.0366083362892,0.12393777817487717
472.85159375,473.81346875,S1,393.8528685333027,0.1595790833234787
476.69909375000003,478.62284375,S1,496.7201034064451,0.29133421182632446
480.27659375,480.90096875,S1,479.65656681980573,0.22920772433280945
481.64346875,481.67721875,S1,665.646389233844,0.16842098534107208
492.81471875000005,493.91159375,S1,295.8836691413943,0.24128451943397522
498.88971875000004,500.54346875000005,S1,387.7793923358306,0.19800694286823273
510.14534375000005,511.57971875000004,S1,397.00428801152486,0.1561160534620285
513.1997187500001,514.3303437500001,S1,259.65540168838265,0.14346854388713837
514.83659375,515.10659375,S1,316.19618802240757,0.12314973026514053
516.54096875,517.60409375,S1,289.9398334707299,0.13467033207416534
518.4309687500001,520.47284375,S1,310.2280813970223,0.15209974348545074
520.4897187500001,520.84409375,S1,423.8937551621845,0.1462332010269165
523.52721875,525.4340937500001,S1,273.2099601101837,0.13822609186172485
529.75409375,530.12534375,S1,310.72007176316765,0.1368473768234253
530.2434687500001,531.55971875,S1,334.6290216033962,0.1483650952577591
531.7790937500001,532.43721875,S1,392.6645009152171,0.1902163028717041
532.7578437500001,533.4665937500001,S1,266.64993297499507,0.1376601904630661
534.51284375,535.05284375,S1,356.97902492206856,0.11581851541996002
536.5378437500001,537.49971875,S1,386.4939858600639,0.16449584066867828
537.6684687500001,538.8159687500001,S1,299.32159031425056,0.12949246168136597
540.11534375,540.58784375,S1,180.38222911246726,0.11024623364210129
541.56659375,543.0515937499999,S1,252.4647771470591,0.09433093667030334
544.7222187500001,545.63346875,S1,251.43165294105978,0.12365870922803879
549.02534375,549.71721875,S1,400.0519645953651,0.16125302016735077
549.7678437500001,549.7847187500001,S1,495.8162968189347,0.026771795004606247
554.9653437500001,555.2353437500001,S1,398.9463658502734,0.14072981476783752
558.7453437500001,559.6059687500001,S1,423.05467849719605,0.12080779671669006
560.1797187500001,560.5678437500001,S1,141.62572466344352,0.08559844642877579
561.09096875,562.18784375,S1,284.7790461747121,0.10140018165111542
566.42346875,566.44034375,S1,194.089919411834,0.03286157175898552
566.6765937499999,567.13221875,S1,266.4016380820482,0.13537295162677765
568.29659375,568.85346875,S1,310.1675147059248,0.12448984384536743
569.2922187500001,569.79846875,S1,311.29479274950336,0.11598289757966995
570.76034375,571.8740937499999,S1,366.37757263019483,0.107393778860569
573.59534375,574.84409375,S1,297.6976268207593,0.10871489346027374
575.45159375,575.9409687500001,S1,141.29402621815169,0.08072353154420853
576.39659375,577.67909375,S1,302.9593370171027,0.12962301075458527
577.69596875,578.80971875,S1,423.4944974111555,0.10200851410627365
580.46346875,581.0034687500001,S1,554.6026419272143,0.0874137282371521
581.8640937499999,582.8090937500001,S1,248.1081741651986,0.12177083641290665
584.1084687499999,584.8172187499999,S1,254.39239024336462,0.10652220249176025
584.9522187499999,586.6059687500001,S1,350.04093984461196,0.12406033277511597
589.4240937500001,590.60534375,S1,263.4774410220473,0.11177835613489151
592.00596875,593.11971875,S1,299.45552710673616,0.12601307034492493
594.4865937500001,596.39346875,S1,295.83252683815226,0.12138006836175919
597.94596875,599.51534375,S1,248.35316911036833,0.10676341503858566
601.3715937500001,601.4053437499999,S1,452.1974758850163,0.054650962352752686
601.6415937500001,601.8103437500001,S1,128.36995070540192,0.07902635633945465
602.0972187500001,602.7553437500001,S1,138.35906466911942,0.08511466532945633
604.42596875,607.51409375,S1,290.07706966983943,0.10878069698810577
608.61096875,609.8090937500001,S1,215.05672631323114,0.12122247368097305
612.15471875,614.3484687499999,S1,359.1040450759192,0.1176484078168869
623.1572187500001,623.4440937500001,S1,225.9203192533536,0.07171809673309326
627.1397187499999,628.03409375,S1,286.7605765845314,0.12215720117092133
629.3840937500001,630.5147187499999,S1,243.47585989739628,0.1158699169754982
631.25721875,631.56096875,S1,445.6005065919602,0.14993730187416077
631.94909375,632.80971875,S1,231.08514274986834,0.11134037375450134
635.74596875,636.5390937500001,S1,175.56233964040345,0.10824613273143768
637.60221875,638.4797187500001,S1,389.75418386634306,0.1585540920495987
639.0703437500001,641.0615937499999,S1,304.2410733418568,0.11960364133119583
642.2934687500001,643.1372187500001,S1,422.8380666251424,0.16484571993350983
643.94721875,643.9640937500001,S1,559.1048866996057,0.038042522966861725
644.2509687500001,644.3015937499999,S1,363.4788273592564,0.05458458885550499
644.9765937500001,645.6853437500001,S1,355.1789128450546,0.1192457303404808
646.27596875,646.56284375,S1,544.886368683797,0.11915626376867294
647.1028437500001,648.0478437500001,S1,544.5021615254077,0.1524626761674881
648.70596875,649.7522187500001,S1,215.77668716914235,0.11531039327383041
649.93784375,651.4734687499999,S1,289.72030067213655,0.11875594407320023
651.79409375,652.78971875,S1,216.27592246782996,0.11108671128749847
653.1440937500001,653.5828437499999,S1,171.58204046001197,0.08514606952667236
654.5447187500001,654.8484687499999,S1,138.01923351530183,0.07363198697566986
655.57409375,657.27846875,S1,288.17904447394994,0.1162138432264328
663.2353437500001,664.33221875,S1,335.35092052697655,0.12557177245616913
666.13784375,666.6103437500001,S1,354.27730880069856,0.09881618618965149
667.0659687500001,668.28096875,S1,219.36074407790068,0.08676399290561676
669.6984687500001,670.2890937500001,S1,201.16834888856664,0.07505713403224945
670.9640937500001,671.63909375,S1,396.22217369138815,0.20051752030849457
671.92596875,672.9890937499999,S1,139.3087891456977,0.10800538957118988
673.2590937500001,674.8959687500001,S1,577.7697968046064,0.14288374781608582
675.53721875,677.6297187499999,S1,182.31744051110854,0.127852201461792
679.80659375,680.17784375,S1,248.26521597997345,0.09600920975208282
682.9284687500001,683.73846875,S1,199.02281938995225,0.09618782997131348
683.9578437499999,685.25721875,S1,245.61738535847752,0.11423595994710922
685.4934687500001,688.32846875,S1,267.0356186236927,0.11896009743213654
690.6572187500001,691.16346875,S1,218.4700798578298,0.08388707041740417
691.46721875,692.2097187500001,S1,344.64553103171124,0.1152275875210762
692.44596875,692.88471875,S1,195.07296122407257,0.09932786971330643
693.7790937500001,694.13346875,S1,435.8668126875309,0.13595080375671387
695.70284375,695.95596875,S1,496.02258638571493,0.22381488978862762
696.66471875,697.0190937500001,S1,434.90669160620814,0.13164854049682617
700.0903437500001,701.27159375,S1,403.2703370284956,0.17627288401126862
703.97159375,706.0303437500002,S1,308.5918020633838,0.12128020077943802
707.4140937500001,708.6797187500001,S1,286.5214026435942,0.11708760261535645
711.2109687500001,711.86909375,S1,220.38759140158896,0.10136806964874268
711.9197187500001,712.3247187500001,S1,354.68130398477734,0.10853379964828491
712.56096875,713.2865937500001,S1,557.5151475958519,0.137363001704216
713.6072187500001,715.1428437500001,S1,220.53844523254867,0.10649047046899796
716.0034687500001,717.77534375,S1,141.1955023370226,0.11278244853019714
720.54284375,723.12471875,S1,228.26664441775557,0.10769679397344589
724.4240937500001,725.20034375,S1,468.3438103108413,0.12572282552719116
725.2678437500001,726.9722187500001,S1,369.91938388949796,0.13923373818397522
727.46159375,728.6765937499999,S1,311.1441731408619,0.10535037517547607
728.96346875,729.85784375,S1,380.91961186958656,0.1628437638282776
730.22909375,730.6340937500001,S1,139.8079669967882,0.09873323142528534
731.14034375,733.18221875,S1,141.44317060052393,0.10698437690734863
754.2422187500001,755.7609687500001,S1,350.9593833116893,0.1333751678466797
756.11534375,757.0434687500001,S1,139.40501273299267,0.10139361023902893
757.3640937499999,758.6297187499999,S1,139.71179265048227,0.10067559778690338
760.19909375,761.3972187500001,S1,135.20910379774912,0.12025106698274612
762.88221875,763.6415937500001,S1,204.25595344892287,0.1095007061958313
764.2153437500001,765.41346875,S1,323.4012322587785,0.12543022632598877
772.90596875,775.4540937500001,S1,140.74977119408499,0.09787288308143616
776.1797187500001,776.93909375,S1,517.9826200050953,0.1174003854393959
777.2934687500001,780.4153437500001,S1,274.2306579115957,0.12546378374099731
780.9722187500001,782.2378437500001,S1,294.02760123703786,0.1191910058259964
782.7609687500001,783.53721875,S1,243.95875048058866,0.12474143505096436
784.43159375,786.38909375,S1,205.7402989614535,0.09735340625047684
789.49409375,790.6584687500001,S1,211.5292185726689,0.1067662164568901
794.5734687500001,794.5903437500001,S1,526.8585383964119,0.04558692127466202
803.23034375,804.05721875,S1,139.94902153849006,0.09438496828079224
805.35659375,805.94721875,S1,138.7733632143942,0.0782446414232254
806.5715937500001,807.1453437500002,S1,138.98209381818788,0.10065195709466934
808.00596875,808.4953437500001,S1,386.9711708157245,0.13823388516902924
810.2334687500002,810.97596875,S1,351.83786981623086,0.13636904954910278
811.3134687500001,812.3090937500001,S1,144.49994019494412,0.1152878850698471
812.3259687500001,812.51159375,S1,143.4003304022977,0.11040512472391129
813.9797187500001,814.0134687500001,S1,495.20408013626786,0.06982280313968658
814.80659375,814.8403437500001,S1,446.0755900915349,0.05875895917415619
814.8740937500002,815.1609687500002,S1,297.6344887807884,0.13369037210941315
815.22846875,817.1184687500001,S1,237.17781202460822,0.1419142484664917
826.01159375,826.87221875,S1,492.76319922612095,0.15687896311283112
828.13784375,829.0828437500002,S1,235.06443154235143,0.12248430401086807
830.3315937500001,830.65221875,S1,139.40999600515255,0.09096206724643707
843.49409375,844.3547187500001,S1,251.01991005554032,0.1311594694852829
845.7722187500001,846.4978437500001,S1,144.90450734229736,0.11654207855463028
849.2990937500001,850.1259687500001,S1,392.5712974060043,0.19844944775104523
850.3959687500001,850.63221875,S1,137.2594896613773,0.12235691398382187
850.6828437500001,851.5434687500001,S1,303.44055506686493,0.13374008238315582
852.9609687500001,853.75409375,S1,388.21628733846717,0.1629520207643509
854.9184687500001,855.7790937500001,S1,377.8492833455954,0.13067348301410675
856.6397187500002,858.8503437500001,S1,345.82672924784583,0.16827882826328278
859.05284375,860.58846875,S1,252.699188133359,0.13420024514198303
861.85409375,862.61346875,S1,217.55995613395288,0.11750679463148117
863.1028437500001,863.69346875,S1,169.21771211393937,0.11123993247747421
866.0053437500001,866.66346875,S1,413.5154571472335,0.11510054767131805
867.62534375,868.35096875,S1,141.060282791795,0.12572485208511353
869.1272187500001,869.1440937500001,S1,453.5138495348136,0.038197923451662064
869.17784375,869.34659375,S1,444.2248552883274,0.08516563475131989
870.30846875,870.74721875,S1,509.9635526387966,0.13362573087215424
872.87346875,873.6159687500001,S1,134.75954252924146,0.13148193061351776
874.52721875,875.10096875,S1,131.38113129176267,0.10780270397663116
875.50596875,875.53971875,S1,490.61053239954504,0.10337869822978973
875.55659375,876.2990937500001,S1,224.81580272130196,0.11428464204072952
887.9934687500001,888.48284375,S1,139.7972183673342,0.10279407352209091
888.92159375,889.84971875,S1,312.42195892058106,0.11067764461040497
890.54159375,890.82846875,S1,509.86315367335624,0.1262466013431549
891.4697187500001,893.0390937500001,S1,207.15616606054988,0.11333594471216202
894.5578437500001,894.9797187500001,S1,226.19946622775598,0.1289324164390564
895.38471875,898.42221875,S1,297.89317639410126,0.1620139479637146
898.9284687500001,900.0759687500001,S1,245.4227690851735,0.13734829425811768
902.96159375,903.63659375,S1,420.5243313142411,0.16702626645565033
904.0078437500001,905.9990937500002,S1,362.27639254412463,0.15302175283432007
913.5928437500002,913.60971875,S1,415.71997632861655,0.03462488576769829
914.03159375,914.8415937500001,S1,439.7046436471007,0.1493867188692093
915.6684687500001,916.4109687500002,S1,449.4208165637681,0.13720841705799103
918.2334687500002,918.9253437500001,S1,320.15041611571,0.1288209855556488
919.9040937500001,921.96284375,S1,310.21621433605264,0.14509589970111847
923.07659375,925.0847187500001,S1,204.87988616004554,0.08887210488319397
926.55284375,928.7634687500001,S1,346.06524723030884,0.17193859815597534
935.2603437500002,935.7834687500001,S1,449.5785298427152,0.12520380318164825
936.42471875,937.13346875,S1,374.49317288962766,0.1100730448961258
938.97284375,939.5972187500001,S1,389.4341966717151,0.12722770869731903
942.16221875,942.5503437500001,S1,363.709163408067,0.10296463966369629
944.4909687500001,945.9422187500002,S1,384.14226043498087,0.15544743835926056
946.41471875,946.9209687500002,S1,210.31193802086585,0.1212855651974678
947.51159375,948.49034375,S1,242.18767943250188,0.19614927470684052
949.09784375,949.6884687500001,S1,184.61473811879372,0.11892356723546982
950.73471875,951.73034375,S1,393.77285592337205,0.18447400629520416
953.6203437500001,954.3459687500001,S1,416.5032484981424,0.14935040473937988
956.4722187500001,957.6197187500002,S1,416.2042517550598,0.1370120644569397
958.2947187500001,959.05409375,S1,402.17569376844835,0.12225862592458725
959.74596875,960.2522187500001,S1,431.09148604873815,0.19111013412475586
960.5222187500001,963.4584687500001,S1,441.4209744502156,0.1486729085445404
963.55971875,964.5047187500002,S1,375.4866820970569,0.1687995046377182
964.7747187500001,965.1459687500001,S1,452.18195088986937,0.13450887799263
965.38221875,967.1540937500001,S1,521.6855988558085,0.1825692057609558
969.88784375,972.13221875,S1,252.05742110401337,0.13895383477210999
973.0603437500001,975.4397187500001,S1,360.5360137403487,0.15011344850063324
976.0303437500002,977.17784375,S1,314.924833337626,0.1090444028377533
982.81409375,982.83096875,S1,460.1188517440873,0.04006965458393097
983.69159375,983.7253437500001,S1,204.84777212211281,0.07891088724136353
984.11346875,984.6197187500002,S1,335.689794450106,0.09552141278982162
984.8559687500001,985.48034375,S1,324.58016576121145,0.10028687119483948
987.9609687500001,988.01159375,S1,137.0571677977417,0.05263659730553627
988.87221875,989.88471875,S1,222.07533446562118,0.0956336036324501
990.5090937500001,991.26846875,S1,139.11072014477043,0.10201750695705414
996.87096875,997.8159687500001,S1,350.91834167632976,0.15507249534130096
999.0984687500002,999.43596875,S1,218.36426493191425,0.09132201969623566
1001.56221875,1002.54096875,S1,229.6382102636337,0.11876380443572998
1002.5915937500001,1002.8615937500001,S1,412.71169386300784,0.13311299681663513
1024.2928437500002,1025.30534375,S1,295.7469198998525,0.14456871151924133
1026.89159375,1027.44846875,S1,140.56139269317225,0.1269933134317398
1031.09346875,1031.7515937500002,S1,140.2433489343933,0.12285306304693222
1033.06784375,1033.3884687500001,S1,144.72673454085609,0.09321801364421844
1033.5234687500001,1034.1309687500002,S1,326.96996250982306,0.12065781652927399
1034.8059687500001,1035.05909375,S1,429.57798786726084,0.1261691153049469
1036.03784375,1036.9659687500002,S1,200.49638597872317,0.10215678811073303
1046.9222187500002,1047.7322187500001,S1,229.69680021995646,0.1252608299255371
1049.9765937500001,1050.95534375,S1,411.20286203815834,0.18404686450958252
1051.5965937500002,1052.1365937500002,S1,452.2295217410644,0.15491172671318054
1052.6934687500002,1053.06471875,S1,433.6011690411929,0.14427390694618225
1058.0428437500002,1058.12721875,S1,332.53833624060104,0.11197488009929657
1059.4603437500002,1059.5784687500002,S1,133.3967453018521,0.12114182114601135
1060.62471875,1063.15596875,S1,309.30940832355134,0.13566765189170837
1064.3878437500002,1065.40034375,S1,351.94104370318377,0.12521561980247498
1066.09221875,1068.65721875,S1,342.8026495579238,0.11704425513744354
1070.2603437500002,1071.1378437500002,S1,214.65002938654484,0.09441294521093369
1072.0997187500002,1073.0784687500002,S1,225.30636613421072,0.1028900220990181
1073.70284375,1074.4622187500001,S1,252.07404191257848,0.11695176362991333
1077.78659375,1078.2928437500002,S1,405.37244416592,0.10544459521770477
1079.45721875,1080.0984687500002,S1,198.19195841432793,0.09325293451547623
1084.4859687500002,1086.2578437500001,S1,349.9526524125735,0.12995977699756622
1089.0759687500001,1089.3965937500002,S1,311.96132989438695,0.11545348167419434
1090.2234687500002,1090.86471875,S1,363.36954529132896,0.12788736820220947
1092.56909375,1092.7715937500002,S1,464.41664286642754,0.17292241752147675
1093.4297187500001,1093.8684687500001,S1,462.79176721025897,0.15457624197006226
1094.7628437500002,1096.51784375,S1,225.44604258493382,0.1782907098531723
1096.61909375,1097.34471875,S1,389.96574983561356,0.14381864666938782
1098.86346875,1099.6565937500002,S1,346.541332193205,0.12504364550113678
1101.9178437500002,1102.4915937500002,S1,321.1868541511654,0.09676742553710938
1109.41034375,1111.1990937500002,S1,309.56791633835815,0.15911734104156494
1120.95284375,1121.3072187500002,S1,450.3031502418329,0.08352768421173096
1121.66159375,1122.3197187500002,S1,443.257937137356,0.12255404144525528
1122.7415937500002,1124.5472187500002,S1,408.0581929252974,0.15260256826877594
1124.9859687500002,1126.6565937500002,S1,338.2056362550159,0.14227831363677979
1128.2090937500002,1128.5972187500001,S1,137.78688396541887,0.08850795775651932
1130.0147187500002,1130.5715937500001,S1,355.46173828430454,0.10434256494045258
1132.4447187500002,1132.6640937500001,S1,132.8287190412012,0.12125427275896072
1133.7947187500001,1134.99284375,S1,304.10948591049487,0.1328444927930832
1135.6509687500002,1136.7815937500002,S1,198.34218508348428,0.10645654052495956
1140.39284375,1140.47721875,S1,439.1189152216659,0.1451091468334198
1141.37159375,1141.4222187500002,S1,137.6383845613391,0.06522435694932938
1142.45159375,1143.2784687500002,S1,372.3425587930783,0.1330261379480362
1145.5059687500002,1146.13034375,S1,203.86625771649196,0.10622628033161163
1146.2147187500002,1146.26534375,S1,139.10690031982398,0.09108366817235947
1148.3409687500002,1148.8978437500002,S1,379.8509314907655,0.13607990741729736
1154.5003437500002,1155.68159375,S1,331.1448828989098,0.1442699283361435
1156.55909375,1157.3015937500002,S1,448.42627272535185,0.12771625816822052
1158.4153437500001,1158.8372187500001,S1,563.8659408768092,0.12189998477697372
1159.32659375,1160.05221875,S1,443.68445846890836,0.19631540775299072
1160.9634687500002,1161.7059687500002,S1,422.2182172287369,0.26418498158454895
1162.2122187500001,1162.6678437500002,S1,461.91858720883454,0.1702701598405838
1165.68846875,1167.08909375,S1,362.8824823599804,0.1490413099527359
1168.23659375,1169.58659375,S1,527.6955985357022,0.17732207477092743
1169.8059687500001,1171.8140937500002,S1,478.0983786349374,0.22395995259284973
1172.15159375,1172.69159375,S1,298.6252726491736,0.143580824136734
1173.4847187500002,1173.8897187500002,S1,217.75228150473518,0.11469867080450058
1174.41284375,1176.20159375,S1,372.65785536980604,0.1631643921136856
1184.9765937500001,1185.1959687500002,S1,478.2857558896607,0.19277945160865784
1185.66846875,1187.8115937500002,S1,451.65520599985757,0.16059601306915283
1188.31784375,1189.9547187500002,S1,466.57991346633503,0.14756903052330017
1190.73096875,1191.43971875,S1,346.005990294278,0.15063457190990448
1191.82784375,1193.1440937500001,S1,227.13931525122587,0.13375329971313477
1193.7009687500001,1195.5740937500002,S1,516.7540755098896,0.18202011287212372
1196.4347187500002,1196.45159375,S1,443.79474776179507,0.032737355679273605
1199.9447187500002,1199.97846875,S1,439.56438851864743,0.06165403127670288
1200.41721875,1201.4297187500001,S1,283.1037315994608,0.1538696438074112
1209.00659375,1209.42846875,S1,137.56695374265746,0.10673515498638153
1209.85034375,1212.5672187500002,S1,355.8915298507832,0.12036827206611633
1218.5072187500002,1218.81096875,S1,637.026446243824,0.16800688207149506
1223.7215937500002,1224.6328437500001,S1,138.72327607865134,0.10496250540018082
1225.2740937500002,1226.7928437500002,S1,141.5437865996223,0.11657316982746124
1226.97846875,1228.2103437500002,S1,214.19886887278193,0.17871065437793732
1229.2059687500002,1230.23534375,S1,396.9435187254701,0.13602709770202637
1231.1128437500001,1232.36159375,S1,431.50519106477526,0.14473266899585724
1235.29784375,1237.0359687500002,S1,364.1712260904763,0.1254398226737976
1249.20284375,1249.8103437500001,S1,322.6472469196635,0.1509794145822525
1250.2322187500001,1251.3797187500002,S1,310.5881650279499,0.1475098580121994
1252.5103437500002,1253.6409687500002,S1,335.72222173354953,0.1505487561225891
1254.01221875,1255.8853437500002,S1,251.82565653103282,0.14355576038360596
1256.08784375,1256.6953437500001,S1,142.78951992701022,0.11257416009902954
1257.08346875,1260.1378437500002,S1,283.11454877648356,0.1345217525959015
1260.9309687500001,1262.3990937500002,S1,378.8531556131519,0.1609315425157547
1262.97284375,1264.0359687500002,S1,320.36716044880893,0.1450957953929901
1301.07659375,1302.07221875,S1,389.18870657907394,0.11920169740915298
1302.79784375,1303.06784375,S1,283.6025058330655,0.06199556961655617
1305.9703437500002,1306.42596875,S1,367.36003296566287,0.11147109419107437
1310.4759687500002,1310.94846875,S1,338.9517045236688,0.06891343742609024
1312.09596875,1312.88909375,S1,291.3591958905083,0.11291281878948212
1314.2728437500002,1315.2178437500002,S1,370.5289318597191,0.09707490354776382
1315.9097187500001,1316.70284375,S1,371.5473391009557,0.12391495704650879
1317.6478437500002,1318.55909375,S1,381.8734236922936,0.16010332107543945
1319.40284375,1320.24659375,S1,520.7512345499773,0.055702682584524155
1320.36471875,1321.4447187500002,S1,357.54224879865814,0.12991440296173096
1321.9847187500002,1322.64284375,S1,316.1125044896761,0.07560881972312927
1322.8284687500002,1322.87909375,S1,451.3437758226784,0.015592372976243496
1322.9634687500002,1322.9972187500002,S1,300.2898763878368,0.022715836763381958
1323.89159375,1325.7478437500001,S1,314.07381392041196,0.07924050092697144
1326.42284375,1327.1990937500002,S1,343.4810916887072,0.05931369587779045
1327.8909687500002,1329.1903437500002,S1,417.08125222749567,0.13997143507003784
1340.9522187500002,1342.57221875,S1,385.64072536320054,0.10738514363765717
1343.2472187500002,1343.8040937500002,S1,393.04547151688365,0.08459024876356125
1344.4790937500002,1345.1540937500001,S1,367.17122653784577,0.17291337251663208
1345.69409375,1346.3353437500002,S1,516.8818249110973,0.13036496937274933
1346.6053437500002,1347.76971875,S1,292.00951059570514,0.11405932903289795
1347.93846875,1348.91721875,S1,356.8062537024195,0.09801612794399261
1349.9803437500002,1350.9253437500001,S1,298.8964795761375,0.09326106309890747
1352.1234687500003,1352.7647187500002,S1,397.8353129023724,0.11094710975885391
1353.0684687500002,1356.52784375,S1,375.4020662641505,0.1397019475698471
1356.8990937500002,1357.5403437500001,S1,339.87151303658857,0.12034504115581512
1358.8228437500002,1361.16846875,S1,263.4771487267317,0.06847571581602097
1361.3878437500002,1361.9109687500002,S1,272.2716312143927,0.06701656430959702
1362.6028437500001,1363.96971875,S1,236.33174382773848,0.061375487595796585
1364.8978437500002,1366.09596875,S1,296.4521628635914,0.10192076861858368
1366.2647187500002,1366.8047187500001,S1,348.82999110039884,0.07037998735904694
1366.9734687500002,1367.8003437500001,S1,260.00020199453684,0.11513840407133102
1368.2222187500001,1369.1334687500002,S1,316.9593214342251,0.07630683481693268
1369.60596875,1370.56784375,S1,277.9380945176802,0.12732714414596558
1371.56346875,1371.85034375,S1,320.7378622307637,0.09198148548603058
1372.1709687500002,1373.5547187500001,S1,233.18720500176994,0.10148563981056213
1374.93846875,1375.07346875,S1,341.1282807915736,0.15566229820251465
1375.3097187500002,1376.2884687500002,S1,433.0132395202859,0.14193329215049744
1377.2334687500002,1377.9928437500002,S1,383.591168132234,0.09577765315771103
1379.4778437500001,1380.3384687500002,S1,422.8553875247362,0.13356353342533112
1381.5028437500002,1383.22409375,S1,583.2762777578134,0.14462941884994507
1384.62471875,1386.3628437500001,S1,523.4870065989735,0.11676127463579178
1388.9278437500002,1389.3497187500002,S1,233.88159766883734,0.047984544187784195
1390.56471875,1394.0072187500002,S1,291.5764852420556,0.07443588972091675
1395.03659375,1396.2515937500002,S1,388.659340277844,0.05829945579171181
1397.02784375,1397.70284375,S1,285.08362605971007,0.0508878231048584
1398.4453437500001,1399.84596875,S1,378.2440165025461,0.1167154461145401
1400.3015937500002,1401.34784375,S1,366.4770896332353,0.0897233635187149
1401.6178437500002,1402.2759687500002,S1,348.2126431476559,0.03963693231344223
1402.51221875,1402.9847187500002,S1,299.3238190964857,0.06275686621665955
1403.2378437500001,1403.77784375,S1,578.193508496058,0.0734182670712471
1404.5709687500002,1404.58784375,S1,184.27529436783757,0.005190085619688034
1406.0559687500001,1406.7984687500002,S1,582.8993827690126,0.09342149645090103
1424.6690937500002,1424.98971875,S1,369.54959747811364,0.10753501951694489
1428.4828437500003,1429.5628437500002,S1,290.75366752905467,0.11328718811273575
1430.1534687500002,1430.9972187500002,S1,137.54752223309583,0.11560458689928055
1433.9334687500002,1434.13596875,S1,140.04176005803436,0.0891183540225029
1434.57471875,1435.4522187500002,S1,222.6678990649666,0.08176177740097046
1436.26221875,1437.4434687500002,S1,145.8108006017044,0.08177658170461655
1441.18971875,1441.2234687500002,S1,594.6207413983273,0.10650834441184998
1455.21284375,1455.2803437500002,S1,256.82829389924296,0.081736721098423
1456.1072187500001,1456.7484687500003,S1,295.29793953614717,0.11308343708515167
1457.6934687500002,1458.3684687500001,S1,304.67115162875746,0.10828477144241333
1459.04346875,1460.5453437500003,S1,431.822230166342,0.12906767427921295
1465.91159375,1465.92846875,S1,217.40126090761015,0.033637210726737976
1466.0297187500003,1466.63721875,S1,306.20479538092616,0.11519429832696915
1466.8565937500002,1467.76784375,S1,232.54209542227673,0.11119495332241058
1468.32471875,1469.1853437500001,S1,271.5146458371413,0.08299293369054794
1469.5059687500002,1470.55221875,S1,309.870260179053,0.09664615243673325
1471.3115937500002,1471.6322187500002,S1,299.12780095340065,0.08115901798009872
1483.4615937500002,1484.18721875,S1,349.32283917786003,0.12844006717205048
1484.9297187500001,1485.45284375,S1,425.75389763201423,0.2123829573392868
1486.0940937500002,1486.9209687500002,S1,337.6045577460282,0.11472632735967636
1487.1909687500001,1487.56221875,S1,138.11836341613656,0.09485786408185959
1491.7303437500002,1494.0759687500001,S1,336.28282524572205,0.15279953181743622
1494.86909375,1496.16846875,S1,347.85785778921075,0.13153350353240967
1496.8097187500002,1498.10909375,S1,354.1652866057289,0.12275955080986023
1499.10471875,1502.7159687500002,S1,363.59994032515624,0.19644016027450562
1503.1378437500002,1504.8084687500002,S1,333.97580712808985,0.1318034678697586
1509.0272187500002,1509.65159375,S1,320.24535741074124,0.13418620824813843
1510.6809687500001,1510.7315937500002,S1,312.7890054296509,0.0963134765625
1510.90034375,1510.93409375,S1,111.5220846717028,0.059715062379837036
1525.0415937500002,1525.0584687500002,S1,465.44786975631916,0.03964626416563988
1530.4922187500001,1530.7959687500002,S1,416.34278479746797,0.11665068566799164
1530.9309687500001,1532.02784375,S1,282.200715321181,0.12944245338439941
1533.0572187500002,1534.69409375,S1,467.9892558804587,0.1594472974538803
1535.6390937500003,1537.64721875,S1,424.9710890771488,0.1401013284921646
1538.0859687500001,1539.1490937500002,S1,370.4872924909115,0.09413881599903107
1545.1397187500002,1546.50659375,S1,316.48764363943593,0.16802562773227692
1546.92846875,1548.1265937500002,S1,330.43863135009667,0.11139282584190369
1549.0715937500001,1550.7928437500002,S1,402.6377633141962,0.12490395456552505
1551.6197187500002,1552.27784375,S1,442.22623200580705,0.09929116815328598
1554.7584687500002,1555.23096875,S1,498.62613871698477,0.11891672760248184
1558.6565937500002,1559.3484687500002,S1,500.3068016639735,0.10920418798923492
1560.15846875,1560.8672187500001,S1,561.6269985943939,0.16889512538909912
1561.1878437500002,1561.4409687500001,S1,332.946968743603,0.0898907482624054
1561.7953437500003,1562.40284375,S1,208.77017607766336,0.10731100291013718
1562.7740937500002,1563.49971875,S1,376.6639645229135,0.20347407460212708
1565.2715937500002,1566.1322187500002,S1,398.8180605444509,0.20307794213294983
1568.1234687500003,1569.6422187500002,S1,254.98718932753613,0.11032777279615402
1571.12721875,1572.1734687500002,S1,378.90855037681644,0.1466713547706604
1573.0340937500002,1573.35471875,S1,260.3903565610031,0.09129712730646133
1574.3672187500001,1575.9365937500002,S1,303.3815176836766,0.14323954284191132
1576.5103437500002,1578.3834687500002,S1,360.4354195939743,0.17418760061264038
1578.6197187500002,1579.7503437500002,S1,342.15936234924936,0.14609955251216888
1580.0709687500002,1580.7459687500002,S1,138.82485493850163,0.10023146867752075
1581.1678437500002,1582.7203437500002,S1,221.2262968910402,0.10083822160959244
1583.5640937500002,1584.8128437500002,S1,379.153928002984,0.13206467032432556
1584.9647187500002,1585.2684687500002,S1,424.14735939428533,0.1507478952407837
1585.6228437500001,1585.6734687500002,S1,484.4512326668951,0.056063275784254074
1585.7072187500003,1585.99409375,S1,342.23013940371317,0.12199244648218155
1590.6853437500001,1590.9890937500002,S1,451.06193645433143,0.2747175097465515
1591.2759687500002,1591.6809687500001,S1,419.5838375301858,0.2208075225353241
1591.8497187500002,1592.9803437500002,S1,346.86375105611893,0.1393536925315857
1596.01784375,1596.70971875,S1,195.0754814940991,0.10605553537607193
1597.2328437500003,1598.3465937500002,S1,395.8445277911802,0.19274374842643738
1598.93721875,1598.9878437500001,S1,140.98898397062848,0.0738324224948883
1599.0215937500002,1599.2072187500003,S1,180.08079657404016,0.09401901811361313
1599.5447187500001,1600.37159375,S1,254.35992879567274,0.13907259702682495
1601.3840937500001,1602.8522187500002,S1,293.55399547025206,0.11669377982616425
1603.5103437500002,1604.2190937500002,S1,242.155923613355,0.11553618311882019
1604.6072187500001,1605.56909375,S1,343.9817502121934,0.11696148663759232
1605.97409375,1606.2272187500002,S1,212.7740852459207,0.08833324909210205
1606.4803437500002,1607.1890937500002,S1,230.0298022586995,0.10141400992870331
1607.7797187500003,1608.9778437500001,S1,534.4509583875242,0.15457160770893097
1609.0284687500002,1609.1634687500002,S1,502.0485407937182,0.10800526291131973
1609.77096875,1609.9734687500002,S1,408.89746483596946,0.18478970229625702
1610.0240937500002,1610.9690937500002,S1,423.8023408596273,0.13229437172412872
1611.6609687500002,1611.9647187500002,S1,351.52904418922856,0.12703262269496918
1612.03221875,1613.7872187500002,S1,332.3067921989313,0.12383950501680374
1614.6309687500002,1615.3059687500001,S1,417.9217340501578,0.15863382816314697
1615.4409687500001,1615.9472187500003,S1,392.09650573526244,0.12411507219076157
1616.3522187500002,1618.4447187500002,S1,329.4855492817182,0.1450841724872589
1619.0015937500002,1619.77784375,S1,214.23022560335215,0.1206970363855362
1623.5072187500002,1624.3509687500002,S1,203.89259036295167,0.101383738219738
1625.26221875,1626.1565937500002,S1,208.8228340218732,0.12164413928985596
1627.2703437500002,1627.8947187500003,S1,273.906482586539,0.13528072834014893
1628.7384687500003,1629.8690937500003,S1,412.48169002826563,0.17084795236587524
1630.7634687500001,1631.15159375,S1,395.30483438467263,0.1335582733154297
1633.4634687500002,1634.1890937500002,S1,361.02833986944523,0.1546405702829361
1635.2015937500003,1636.8047187500001,S1,401.97091734595864,0.1166275143623352
1638.7284687500003,1638.8128437500002,S1,393.141646997658,0.07173851132392883
1639.1334687500002,1639.2853437500003,S1,642.8380438168458,0.1473676562309265
1639.30221875,1639.31909375,S1,633.4372931437376,0.06784189492464066
1639.5553437500002,1640.44971875,S1,376.81494605676846,0.10552503913640976
1650.7603437500002,1652.2959687500002,S1,226.30471691970502,0.1272624433040619
1652.9878437500001,1654.7428437500002,S1,317.29193779547865,0.12339422851800919
1654.8778437500002,1656.1434687500002,S1,199.53145688759182,0.115446537733078
1656.75096875,1658.3372187500001,S1,356.6175125160458,0.13179853558540344
1668.2259687500002,1670.25096875,S1,401.3882296465167,0.12638215720653534
1672.5965937500002,1673.6934687500002,S1,386.63158759105573,0.1585969626903534
1673.9297187500001,1674.5709687500002,S1,373.24593978977134,0.13979685306549072
1675.8197187500002,1676.2078437500002,S1,436.68611366773314,0.16518303751945496
1676.6128437500001,1677.9459687500002,S1,359.1478517187595,0.1312873810529709
1678.6547187500003,1682.3165937500003,S1,393.1659936461207,0.172509104013443
1683.0253437500003,1684.7128437500003,S1,577.5210766891953,0.20802746713161469
1685.28659375,1687.9022187500002,S1,334.9062383348156,0.14585009217262268
1688.12159375,1688.83034375,S1,433.6431447448482,0.13171438872814178
1689.1172187500001,1689.92721875,S1,386.8151753338441,0.19191330671310425
1691.4290937500002,1692.74534375,S1,232.98806185360792,0.1268603652715683
1693.5553437500002,1694.8040937500002,S1,415.9593773437553,0.1476791501045227
1695.4622187500001,1695.5297187500003,S1,322.48044007334846,0.05915352702140808
1696.12034375,1696.13721875,S1,423.74539305265523,0.03533004969358444
1696.5084687500002,1696.9134687500002,S1,139.4430240578731,0.09088622778654099
1699.6978437500002,1700.0015937500002,S1,446.6822610549804,0.1407807469367981
1701.4022187500002,1703.8153437500002,S1,466.1684455025392,0.19972988963127136
1703.9672187500003,1706.09346875,S1,384.4147464962811,0.20417438447475433
1706.80221875,1707.51096875,S1,229.91366604901958,0.10813619941473007
1708.50659375,1710.9703437500002,S1,423.78794426174636,0.1925942450761795
1713.3665937500002,1714.5815937500001,S1,371.6110777986353,0.21394163370132446
1715.3240937500002,1715.7797187500003,S1,425.56956163937446,0.22145654261112213
1716.92721875,1717.77096875,S1,485.1597059954798,0.2663484513759613
1718.1422187500002,1719.17159375,S1,339.8740908929343,0.20113253593444824
1719.8465937500002,1721.8378437500003,S1,350.195089710841,0.22013990581035614
1723.2384687500003,1725.0609687500003,S1,312.88309619854834,0.18582376837730408
1730.1403437500003,1730.15721875,S1,430.94887644258364,0.0372743234038353
1730.7815937500002,1731.5072187500002,S1,363.818991727852,0.1786619871854782
1731.9628437500003,1734.81471875,S1,392.3715209960373,0.18041124939918518
1737.5822187500003,1737.59909375,S1,430.40940482677786,0.034783560782670975
1738.6959687500002,1738.7128437500003,S1,441.6597330840094,0.04050425812602043
1752.3478437500003,1752.5840937500002,S1,140.81194969864242,0.10033149272203445
1753.6978437500002,1753.9678437500002,S1,138.1311681240765,0.12127036601305008
1763.9915937500002,1765.1390937500003,S1,345.1181093640904,0.1593305766582489
1765.6959687500002,1765.88159375,S1,472.0573289458172,0.16639207303524017
1767.83909375,1770.4040937500001,S1,274.4892926262612,0.1535511165857315
1770.6909687500001,1771.78784375,S1,137.6046435552262,0.10484543442726135
1772.36159375,1773.2728437500002,S1,321.12600007249534,0.0868043452501297
1773.9309687500001,1775.01096875,S1,423.2766679250467,0.18431979417800903
1775.14596875,1776.5465937500003,S1,222.62109672894886,0.1231965720653534
1777.6603437500003,1778.4872187500002,S1,424.7886630037252,0.14467550814151764
1780.1072187500001,1780.8834687500002,S1,420.8838157647656,0.1581694334745407
1781.8284687500002,1784.9165937500002,S1,390.0754812397705,0.19073447585105896
1785.3553437500002,1787.3297187500002,S1,386.0742502871557,0.20569366216659546
1787.9878437500001,1789.37159375,S1,387.9224793237762,0.19914419949054718
1791.1603437500003,1792.1559687500003,S1,244.9516789874817,0.15164585411548615
1792.9659687500002,1794.83909375,S1,308.0993981281299,0.13357864320278168
1796.1384687500001,1799.4290937500002,S1,276.67997947914256,0.13714493811130524
1801.8253437500002,1805.80784375,S1,321.73748847144816,0.11818588525056839
1806.3140937500002,1807.9678437500002,S1,147.8817438984434,0.1181010827422142
1810.9209687500002,1811.9165937500002,S1,432.78345379893625,0.11206815391778946
1817.77221875,1818.1434687500002,S1,332.62641835163464,0.14377084374427795
1819.4259687500003,1819.7972187500002,S1,317.66819214218566,0.12624721229076385
1821.5859687500001,1822.6322187500002,S1,432.9336010152517,0.15190044045448303
1840.3340937500002,1840.3509687500002,S1,428.2082778379849,0.03949418663978577
1842.52784375,1843.0509687500003,S1,288.0458709869401,0.22381436824798584
1843.3209687500002,1844.08034375,S1,477.65893260512485,0.23176105320453644
1844.35034375,1844.6540937500001,S1,224.09315562850315,0.15893813967704773
1845.6328437500001,1846.1390937500003,S1,259.88014661340793,0.12489131093025208
1851.25221875,1851.6403437500003,S1,179.70519387406733,0.12242277711629868
1854.5934687500003,1855.0153437500003,S1,138.34984224315266,0.12180603295564651
1855.9265937500002,1857.0234687500001,S1,163.14731584762038,0.1477162390947342
1857.2597187500003,1857.42846875,S1,434.9850826992856,0.11242017149925232
1861.49534375,1861.78221875,S1,439.42728013012544,0.13083018362522125
1863.4190937500002,1863.73971875,S1,294.5451470490016,0.1398971974849701
1865.1909687500001,1865.5453437500003,S1,318.6251669830264,0.14665263891220093
1874.9447187500002,1875.1809687500001,S1,352.67401430108487,0.17747043073177338
1877.52659375,1879.0115937500002,S1,301.52163067473765,0.12092588096857071
1880.05784375,1880.7159687500002,S1,393.4408306645009,0.1602543145418167
1881.2390937500002,1881.2897187500002,S1,408.2571004878476,0.1438400000333786
1881.3909687500002,1881.4415937500003,S1,437.78374443568055,0.05939408019185066
1881.61034375,1881.6778437500002,S1,560.0595301955193,0.16301777958869934
1886.9090937500002,1886.95971875,S1,137.27539933858392,0.0536501407623291
1887.0103437500002,1887.2128437500003,S1,350.2217140416535,0.1867649406194687
1887.2803437500002,1887.3140937500002,S1,648.1196658622575,0.1253127157688141
1890.9759687500002,1892.1403437500003,S1,330.08727873507365,0.18492625653743744
1893.0515937500002,1893.4565937500001,S1,368.4086947572935,0.17660105228424072
1896.10596875,1898.2997187500002,S1,203.77744935314837,0.1760498732328415
1898.92409375,1900.6622187500002,S1,321.42680461555176,0.12685555219650269
1900.8647187500003,1902.6872187500003,S1,300.8253394494627,0.1362151950597763
1902.83909375,1904.9990937500002,S1,360.8725582409851,0.14186669886112213
1905.5390937500001,1906.3490937500003,S1,137.36697189659495,0.10270489752292633
1912.96409375,1913.1834687500002,S1,136.90820389322764,0.10413863509893417
1916.5078437500001,1919.5284687500002,S1,373.5421246027539,0.1679784655570984
1920.0347187500001,1920.7603437500002,S1,309.85697019637973,0.16417503356933594
1921.0809687500002,1922.6503437500003,S1,379.03975801153143,0.18661756813526154
1923.0215937500002,1923.3422187500003,S1,405.8758291928016,0.16300556063652039
1924.5234687500001,1926.0759687500001,S1,276.2248079899531,0.15453365445137024
1926.5822187500003,1926.75096875,S1,144.00967425081214,0.1135491132736206
1927.32471875,1928.1853437500001,S1,305.4736700353238,0.14133873581886292
1928.5228437500002,1928.9447187500002,S1,427.25421811422757,0.126747727394104
1929.7547187500002,1929.8728437500001,S1,137.259436733062,0.09733226895332336
1931.6109687500002,1931.8978437500002,S1,434.4412408050929,0.10795681178569794
1934.1759687500003,1934.8340937500002,S1,141.33197952700206,0.12204470485448837
1936.9940937500003,1937.7534687500001,S1,148.10846313150387,0.1344980001449585
1941.3647187500003,1943.35596875,S1,229.42341628474657,0.10852397233247757
1948.3172187500002,1948.55346875,S1,373.05767753512936,0.096169613301754
1949.4309687500001,1950.51096875,S1,382.4761414191252,0.1359560340642929
1951.77659375,1951.92846875,S1,525.6391308843484,0.11824068427085876
1954.5103437500002,1954.8478437500003,S1,430.05870164901614,0.17530900239944458
1955.43846875,1955.7590937500001,S1,229.79541602884362,0.09704103320837021
1956.85596875,1957.6659687500003,S1,390.72654263771204,0.13997822999954224
1959.7584687500002,1960.09596875,S1,204.8674723369245,0.09801016747951508
1963.2853437500003,1963.8422187500003,S1,146.59808751480608,0.09070108085870743
1965.0403437500001,1965.5128437500002,S1,211.36058789386257,0.09368524700403214
1966.00221875,1966.3903437500003,S1,398.22792124386575,0.17417088150978088
1968.6347187500003,1969.0228437500002,S1,331.7884429069893,0.1745166778564453
1971.1153437500002,1971.4359687500003,S1,366.3783414572351,0.2341611236333847
1972.1278437500002,1972.3978437500002,S1,421.17569608232725,0.14108404517173767
1973.0897187500002,1973.5115937500002,S1,310.80432713869624,0.18821868300437927
1974.2372187500002,1975.68846875,S1,321.18106801828833,0.2296094298362732
1976.4140937500001,1977.1228437500001,S1,338.7907562174115,0.17777949571609497
1977.2578437500001,1977.6797187500001,S1,298.6501845950846,0.1871526688337326
1978.2872187500002,1978.7259687500002,S1,429.24034710412695,0.21044760942459106
1981.3584687500002,1981.3922187500002,S1,404.72799690544616,0.18080568313598633
1991.5678437500003,1991.9559687500002,S1,358.4860849114819,0.16028346121311188
1993.13721875,1993.5253437500003,S1,393.7432315445649,0.18137529492378235
1994.4197187500001,1994.7403437500002,S1,352.54097047651925,0.12095103412866592
1995.7865937500003,1996.5965937500002,S1,307.8851757801781,0.1684257984161377
1996.8159687500001,1997.3222187500003,S1,274.73323012588594,0.1596001237630844
1998.5203437500002,1999.2290937500002,S1,347.8883516468676,0.15487611293792725
2000.17409375,2001.3215937500001,S1,319.1368285926799,0.17966416478157043
2001.9628437500003,2002.5872187500001,S1,312.7515564972848,0.1829952746629715
2008.4259687500003,2009.7422187500001,S1,343.5448019179866,0.22176313400268555
2010.1134687500003,2010.9403437500002,S1,392.5299809175004,0.26588377356529236
2011.5140937500003,2012.5940937500002,S1,261.41683622840856,0.22033528983592987
2013.1678437500002,2014.3322187500003,S1,354.43368901641855,0.19965434074401855
2016.1378437500002,2016.7284687500003,S1,375.0595522878492,0.14774984121322632
2020.0697187500002,2020.2890937500001,S1,436.7215757533259,0.16766200959682465
2020.9978437500001,2021.3522187500002,S1,140.41765611454193,0.09212290495634079
2021.53784375,2024.6765937500002,S1,326.885794075194,0.1616104245185852
2027.6803437500002,2028.3047187500001,S1,408.774386689862,0.17560891807079315
2029.3003437500001,2029.6547187500003,S1,250.0967207953169,0.12790614366531372
2034.1265937500002,2035.8478437500003,S1,303.31011850929247,0.16845783591270447
2037.28221875,2037.6365937500002,S1,403.34395748229065,0.2185235172510147
2038.6828437500003,2038.9190937500002,S1,439.3484289849192,0.15570427477359772
2040.3534687500003,2041.51784375,S1,329.66472411267335,0.18575812876224518
2044.4372187500003,2045.6690937500002,S1,303.97271104557103,0.15685437619686127
2049.9890937500004,2051.54159375,S1,220.09070999194134,0.14483465254306793
2053.0603437500004,2054.4440937500003,S1,367.55653978919497,0.1550378054380417
2055.0684687499997,2057.02596875,S1,334.894430330318,0.1210256889462471
2059.00034375,2059.1522187500004,S1,371.8840414754863,0.10897132754325867
2060.9747187499997,2062.4765937500006,S1,291.47221858073203,0.1369698941707611
2072.0615937500006,2072.14596875,S1,428.51866135556105,0.14677591621875763
2073.6140937500004,2074.23846875,S1,155.45679102961975,0.14013919234275818
2074.44096875,2075.20034375,S1,166.65122181120893,0.1616620272397995
2075.63909375,2077.39409375,S1,278.8489943771741,0.16331718862056732
2077.93409375,2078.77784375,S1,169.53125306044748,0.13888201117515564
2079.2840937500005,2081.54534375,S1,391.6772247010259,0.18496984243392944
2082.2372187500005,2083.4522187500006,S1,378.38562448389695,0.18303994834423065
2084.05971875,2084.85284375,S1,340.9724552480063,0.1308891773223877
2085.9159687500005,2086.4053437500006,S1,138.95093378097053,0.1039947047829628
2087.9072187500005,2088.66659375,S1,220.10708886065987,0.11660009622573853
2090.6747187500005,2091.3328437500004,S1,403.1086361374932,0.14742916822433472
2107.3809687500006,2108.4440937500003,S1,138.08685586125222,0.085687555372715
2109.37221875,2109.9122187500006,S1,217.62992367005256,0.1395692080259323
2110.5534687500003,2111.1778437500006,S1,355.1208909753294,0.10566234588623047
2111.7009687500004,2112.62909375,S1,245.77307867472584,0.11700375378131866
2112.9159687500005,2113.9453437500006,S1,213.30754703779075,0.12338949739933014
2114.62034375,2115.34596875,S1,215.24089235450035,0.10861043632030487
2116.54409375,2116.96596875,S1,169.77079149281343,0.10781242698431015
2119.44659375,2119.9697187500005,S1,138.0062046958699,0.0813061073422432
2120.3915937500005,2120.6784687500003,S1,440.81191142820563,0.15061262249946594
2121.08346875,2124.08721875,S1,320.12979569150184,0.1281481385231018
2124.27284375,2124.5428437500004,S1,420.18370642962253,0.10316456854343414
2126.4834687500006,2127.9684687500003,S1,397.30100165504314,0.1327456682920456
2128.3903437500003,2130.31409375,S1,340.63833982384335,0.11917947977781296
2132.3897187500006,2133.25034375,S1,394.5755186312857,0.13009728491306305
2135.35971875,2135.6803437500002,S1,216.09518300049422,0.11027884483337402
2135.91659375,2137.30034375,S1,218.9905360380814,0.12676642835140228
2137.4353437500004,2137.6884687500005,S1,387.49297113047834,0.09576113522052765
2138.38034375,2139.51096875,S1,214.64591215494968,0.11001072078943253
2140.3378437500005,2141.1309687500006,S1,343.46166797251993,0.1073199138045311
2150.56409375,2150.8847187500005,S1,210.17294106877915,0.09118519723415375
2152.1503437500005,2153.66909375,S1,398.6987982046353,0.16845114529132843
2154.46221875,2155.32284375,S1,381.864506634053,0.1974153071641922
2156.7740937500002,2157.04409375,S1,435.0988527570338,0.16783009469509125
2157.9890937500004,2158.39409375,S1,229.83684958865015,0.13477317988872528
2159.8115937500006,2160.2334687500006,S1,369.8822701436857,0.18245935440063477
2161.6172187500006,2162.12346875,S1,411.0499064132572,0.2058056741952896
2181.5465937500003,2182.25534375,S1,382.2729367015891,0.1767304539680481
2186.7947187500004,2187.19971875,S1,381.2383277399547,0.16599597036838531
2188.8028437500006,2189.78159375,S1,355.8741807990152,0.23172463476657867
2190.0684687500006,2190.81096875,S1,549.9006411738482,0.19259297847747803
2192.7178437500006,2192.7684687500005,S1,419.98406689492157,0.06753390282392502
2192.86971875,2192.98784375,S1,151.41869942781037,0.1135631874203682
2193.9159687500005,2194.18596875,S1,406.7844676122322,0.12943574786186218
2194.7090937500006,2195.40096875,S1,407.53465827204917,0.19964119791984558
2197.32471875,2199.3497187500006,S1,316.82527048623973,0.20054778456687927
2199.78846875,2201.30721875,S1,353.84623507663036,0.22837364673614502
2202.7078437500004,2203.29846875,S1,350.45022167686716,0.2120230495929718
2203.75409375,2205.22221875,S1,222.16642255824496,0.1882655918598175
2206.1503437500005,2207.5847187500003,S1,166.5487893279465,0.15260113775730133
2208.52971875,2208.8503437500003,S1,618.3385453619453,0.1935122013092041
2209.20471875,2210.4197187500004,S1,296.1937953839162,0.16636067628860474
2210.9765937500006,2211.8203437500006,S1,340.18671289333605,0.19409506022930145
2213.6934687500006,2213.96346875,S1,400.32726589881486,0.13162358105182648
2214.4022187500004,2215.14471875,S1,212.1476021876491,0.1171572208404541
2217.62534375,2218.41846875,S1,397.0001174013047,0.23661604523658752
2222.73846875,2223.05909375,S1,626.5066204810843,0.25609955191612244
2224.6453437500004,2224.93221875,S1,246.7994861791156,0.11940672993659973
2225.6747187500005,2226.23159375,S1,566.4703769124676,0.23572055995464325
2226.5859687500006,2226.8897187500006,S1,222.49674605373343,0.11598415672779083
2227.3115937500006,2227.49721875,S1,574.5807357836177,0.42520570755004883
2228.4590937500006,2229.2859687500004,S1,401.88368473832014,0.2761538028717041
2242.2965937500003,2242.3134687500005,S1,440.2598324339825,0.04318184778094292
2243.73096875,2243.7478437500004,S1,430.9101114674004,0.03249433636665344
2244.03471875,2244.7772187500004,S1,443.18214069709063,0.1903398334980011
2244.9628437500005,2245.11471875,S1,357.3668909210377,0.12065339088439941
2246.0428437500004,2246.12721875,S1,585.8237334097519,0.350979745388031
2246.75159375,2249.70471875,S1,288.8751582874391,0.2517652213573456
2252.99534375,2253.9403437500005,S1,387.6791369383729,0.24200423061847687
2254.68284375,2255.54346875,S1,372.05928660322434,0.1633003205060959
2256.5390937500006,2257.45034375,S1,269.69507967451256,0.16368283331394196
2260.9940937500005,2262.69846875,S1,398.70520473107706,0.1812424510717392
2279.9784687500005,2279.99534375,S1,403.6273837312838,0.03416067361831665
2283.69096875,2284.87221875,S1,313.48091775319557,0.2142055779695511
2291.47034375,2292.04409375,S1,401.69039140225544,0.1521967351436615
2292.60096875,2293.39409375,S1,325.7608373873883,0.13832855224609375
2295.2165937500004,2296.02659375,S1,392.07223760301076,0.15635325014591217
2297.78159375,2298.4734687500004,S1,360.5555128200449,0.14045199751853943
2298.7772187500004,2299.4353437500004,S1,224.10129553239122,0.10560233145952225
2300.3465937500005,2301.29159375,S1,393.78280507621014,0.13872085511684418
2309.22284375,2309.66159375,S1,367.3529558316913,0.08667077869176865
2310.26909375,2310.7753437500005,S1,365.0387459380115,0.10013200342655182
2312.68221875,2314.3865937500004,S1,250.38548745937766,0.129028782248497
2334.97409375,2335.0078437500006,S1,456.7009394211579,0.04097487032413483
2337.1678437500004,2338.11284375,S1,270.0950595627211,0.10820829123258591
2338.7878437500003,2339.49659375,S1,363.1949360302476,0.12029124796390533
2339.80034375,2341.04909375,S1,328.2993912250708,0.12863777577877045
2341.6397187500006,2342.3990937500002,S1,374.92828772255046,0.12847867608070374
2343.0234687500006,2343.7997187500005,S1,323.84838390264537,0.12857291102409363
2345.3690937500005,2346.66846875,S1,335.2402798641257,0.15640415251255035
2347.39409375,2347.81596875,S1,135.8489572623925,0.0863654688000679
2348.65971875,2350.0097187500005,S1,371.6472829316583,0.12611615657806396
2350.70159375,2351.3428437500006,S1,143.07882259224243,0.09803032130002975
2354.1609687500004,2354.1778437500006,S1,438.7164586352821,0.03813409432768822
2355.93284375,2356.1522187500004,S1,138.51326456697797,0.08702642470598221
2360.2022187500006,2361.5859687500006,S1,357.526341718667,0.10959997773170471
2362.21034375,2362.5478437500005,S1,388.452081373381,0.1024656668305397
2362.98659375,2365.1803437500002,S1,382.99369836545185,0.16061510145664215
2365.41659375,2366.0240937500002,S1,328.2247238346467,0.13480137288570404
2366.7665937500005,2367.81284375,S1,339.4903203125438,0.1373765617609024
2368.42034375,2370.39471875,S1,419.3060202211284,0.18649576604366302
2370.6815937500005,2372.28471875,S1,509.4591206374342,0.18033887445926666
2373.3984687500006,2373.43221875,S1,436.23003774614824,0.05092138051986694
2387.05034375,2387.4384687500005,S1,149.4390974688135,0.12607784569263458
2389.14284375,2389.46346875,S1,296.0217017225233,0.13534703850746155
2390.5603437500004,2390.9315937500005,S1,148.0469141426093,0.1142190471291542
2392.28159375,2393.61471875,S1,383.80152080809734,0.22226686775684357
2393.7665937500005,2394.6103437500005,S1,372.0601880453278,0.20348484814167023
2396.1122187500005,2398.0528437500006,S1,353.32128919805393,0.20131109654903412
2400.7022187500006,2401.25909375,S1,250.69767048019,0.14698053896427155
2402.42346875,2405.2247187500006,S1,309.1574984897272,0.3202921450138092
2406.3553437500004,2406.9628437500005,S1,361.23618603345693,0.20357796549797058
2408.02596875,2411.26596875,S1,386.91090870189663,0.25078460574150085
2413.6959687500002,2414.4890937500004,S1,319.78815459398777,0.1839943677186966
2415.41721875,2416.04159375,S1,147.7684667313032,0.1422722041606903
2417.4928437500002,2419.65284375,S1,364.142252573414,0.2066790908575058
2422.4540937500005,2422.8590937500003,S1,345.02540814298897,0.19787552952766418
2423.98971875,2424.76596875,S1,296.51209490599615,0.16246318817138672
2425.3903437500003,2426.50409375,S1,310.69591776966536,0.18963764607906342
2426.75721875,2427.53346875,S1,405.9979700076996,0.13596215844154358
2427.8034687500003,2429.05221875,S1,408.46821742960424,0.18022049963474274
2429.99721875,2430.60471875,S1,226.68582923326494,0.15593446791172028
2433.74346875,2434.06409375,S1,193.25472409832653,0.13817234337329865
2434.6715937500003,2435.6503437500005,S1,223.85697842969336,0.13226215541362762
2438.2322187500004,2440.0378437500003,S1,365.53541703463884,0.16438086330890656
2441.2528437500005,2441.5397187500002,S1,457.50078527738555,0.12601901590824127
2443.14284375,2443.46346875,S1,369.466208810924,0.16496624052524567
2443.86846875,2444.10471875,S1,256.7152954413246,0.26150134205818176
2444.29034375,2444.9822187500004,S1,250.87289690032213,0.1757534146308899
2445.13409375,2446.1803437500002,S1,389.9296862137625,0.2674328684806824
2446.83846875,2447.78346875,S1,385.4596349069067,0.28889769315719604
2448.22221875,2448.55971875,S1,527.2099356112103,0.20659902691841125
2449.2009687500004,2449.53846875,S1,395.20255128929796,0.2047799825668335
2449.6903437500005,2451.6140937500004,S1,237.86172673078048,0.19546550512313843
2452.60971875,2453.1328437500006,S1,140.32357048898496,0.11993429064750671
2455.1240937500006,2456.10284375,S1,235.9310068322116,0.1597430408000946
2456.7440937500005,2457.0984687500004,S1,143.30247716590614,0.1489085555076599
2457.8747187500003,2460.92909375,S1,389.3139441341398,0.18407826125621796
2461.28346875,2461.58721875,S1,447.20262839958843,0.15926507115364075
2461.9922187500006,2463.1903437500005,S1,349.7725498003016,0.154672309756279
2463.5615937500006,2463.83159375,S1,139.8592390927141,0.11061760038137436
2464.42221875,2465.4853437500005,S1,153.0073078938081,0.11866040527820587
2479.5928437500006,2480.26784375,S1,277.0710238194996,0.15427373349666595
2481.1959687500002,2482.4109687500004,S1,313.39434237186464,0.16120585799217224
2482.9003437500005,2483.42346875,S1,319.7825796689696,0.1550522744655609
2484.8915937500005,2485.7353437500005,S1,334.753342702944,0.1422487199306488
2490.9834687500006,2491.06784375,S1,399.9821482107077,0.21404750645160675
2499.8259687500004,2500.45034375,S1,398.9395227173219,0.11897595226764679
2502.9140937500006,2503.47096875,S1,428.67632675705846,0.2472037374973297
2503.84221875,2504.80409375,S1,342.35305520008995,0.15187864005565643
2506.96409375,2507.5378437500003,S1,374.0267530376126,0.13207191228866577
2509.1747187500005,2509.74846875,S1,384.5042951363029,0.11925490200519562
2510.4403437500005,2511.18284375,S1,375.9323495032371,0.1783708781003952
2511.5372187500006,2513.84909375,S1,388.06127432660526,0.1411767303943634
2514.4059687500003,2515.0303437500006,S1,385.8812444072845,0.15079490840435028
2517.6628437500003,2518.67534375,S1,388.4251656171938,0.13599279522895813
2519.40096875,2520.4472187500005,S1,396.8524589261351,0.1476748138666153
2520.95346875,2522.3709687500004,S1,315.7431765656046,0.15451981127262115
2523.2653437500003,2523.9909687500003,S1,408.69123440988284,0.11616533994674683
2524.49721875,2525.0203437500004,S1,336.6427646671648,0.1431804895401001
2525.52659375,2527.1297187500004,S1,216.59179309402458,0.12335173040628433
2527.39971875,2528.19284375,S1,137.90853898954714,0.09789012372493744
2528.90159375,2530.28534375,S1,375.4658040794548,0.14132699370384216
2530.5047187500004,2531.1797187500006,S1,208.9847371963812,0.0971410945057869
2531.87159375,2533.5253437500005,S1,207.81815355778835,0.10385964065790176
2535.1622187500006,2535.8034687500003,S1,442.08458949739327,0.16332504153251648
2537.15346875,2537.89596875,S1,138.57464615943073,0.10011271387338638
2539.27971875,2543.49846875,S1,358.09502488754805,0.16171623766422272
2544.62909375,2546.4684687500003,S1,347.26529444151527,0.12149166315793991
2548.9997187500003,2550.48471875,S1,373.9961085238115,0.1269492357969284
2551.75034375,2552.23971875,S1,326.9647948939872,0.12068935483694077
2555.96909375,2556.57659375,S1,395.3171856443653,0.1114359050989151
2558.7028437500003,2560.01909375,S1,200.74629253294538,0.1446307897567749
2573.99159375,2574.0759687500004,S1,135.76198325128843,0.10641157627105713
2577.53534375,2580.1678437500004,S1,389.4831565827625,0.1670067310333252
2580.2184687500003,2580.67409375,S1,428.5891201926104,0.18453572690486908
2600.7890937500006,2603.69159375,S1,376.752243687195,0.15931804478168488
2603.9278437500006,2604.18096875,S1,709.4342834005762,0.30599480867385864
2604.4509687500004,2604.5690937500003,S1,600.0577990043794,0.1979273110628128
2604.9403437500005,2605.0584687500004,S1,576.9660183384924,0.2197600156068802
2605.1765937500004,2606.9315937500005,S1,589.9472724249902,0.18937431275844574
2607.67409375,2607.99471875,S1,205.6415298056378,0.10212928056716919
2608.5684687500006,2609.36159375,S1,456.7475781022605,0.18418005108833313
2609.71596875,2609.98596875,S1,727.4525142842382,0.21820984780788422
2610.03659375,2610.0534687500003,S1,675.870218995262,0.11070070415735245
2614.0359687500004,2614.2722187500003,S1,385.6611015416623,0.12436328083276749
2614.60971875,2615.26784375,S1,711.7861293055545,0.17964302003383636
2615.28471875,2615.33534375,S1,416.9291831320872,0.05229274556040764
2616.4490937500004,2618.3897187500006,S1,390.4170099334814,0.14911538362503052
2618.40659375,2618.76096875,S1,139.93850681000794,0.09052968770265579
2618.99721875,2621.3259687500004,S1,372.7534771874348,0.1518467217683792
2622.1697187500004,2622.87846875,S1,312.7220008964975,0.14532245695590973
2623.2665937500005,2623.8572187500004,S1,215.85582033037053,0.11244397610425949
2625.3084687500004,2626.55721875,S1,218.7973841185804,0.12956120073795319
2626.77659375,2628.05909375,S1,279.13491033916114,0.14163438975811005
2628.46409375,2630.10096875,S1,210.06638121553289,0.10861653834581375
2630.4890937500004,2631.2147187500004,S1,138.60500677686272,0.10623849183320999
2633.6953437500006,2633.7965937500003,S1,137.60746928075974,0.10465583950281143
2634.03284375,2634.5390937500006,S1,438.2626209571979,0.17706488072872162
2635.95659375,2636.36159375,S1,381.54937940402164,0.1410313844680786
2637.7790937500004,2641.7615937500004,S1,357.0673979041739,0.13701923191547394
2642.5547187500006,2643.2803437500006,S1,396.3008016974351,0.15699374675750732
2643.85409375,2644.7147187500004,S1,361.590108321426,0.15218184888362885
2644.93409375,2645.7272187500002,S1,355.80910871132136,0.15324687957763672
2646.0478437500005,2647.9040937500004,S1,360.674439716555,0.13330455124378204
2648.30909375,2649.67596875,S1,372.7334421676251,0.15406574308872223
2650.4522187500006,2651.19471875,S1,374.8276690169738,0.1492733359336853
2653.05096875,2653.6415937500005,S1,351.86917029579695,0.15208889544010162
2654.2997187500005,2654.87346875,S1,562.8064392837932,0.182147815823555
2660.18909375,2660.2059687500005,S1,418.84866804590416,0.04315691441297531
2672.7272187500002,2673.2840937500005,S1,377.12279386530935,0.1426548808813095
2676.1865937500006,2676.6084687500006,S1,372.59878423381133,0.12619554996490479
2677.51971875,2678.54909375,S1,419.9453344697123,0.19137907028198242
2680.54034375,2681.68784375,S1,396.0952111878371,0.15789461135864258
2684.23596875,2686.6153437500006,S1,298.17690157771494,0.1550842821598053
2686.9190937500007,2688.01596875,S2,173.6397727703332,0.1450561136007309
2688.6065937500007,2693.1122187500005,S2,212.2173047835496,0.13729003071784973
2694.22596875,2695.96409375,S2,437.0471371071659,0.19818150997161865
2696.57159375,2700.0478437500005,S2,141.09227971961866,0.11227881908416748
2700.1659687500005,2700.25034375,S2,137.33504298536158,0.06746955215930939
2700.25034375,2700.73971875,S1,468.54133264639023,0.2368120551109314
2700.73971875,2701.1953437500006,S2,139.56174469881825,0.10344810783863068
2701.6678437500004,2702.7647187500006,S2,205.51471433133563,0.13039691746234894
2703.0684687500006,2704.3340937500006,S1,431.0274309282616,0.11917342990636826
2704.94159375,2706.6628437500003,S1,347.11863741928244,0.16553740203380585
2706.9665937500004,2708.08034375,S1,461.2246822248113,0.2192213535308838
2710.18971875,2710.20659375,S1,501.2210262625663,0.04413517192006111
2710.20659375,2711.3203437500006,S2,208.59954549868047,0.1732422262430191
2710.6453437500004,2711.3034687500003,S1,209.74846565267728,0.1975182145833969
2711.3203437500006,2711.5565937500005,S1,552.5654046769793,0.1365276277065277
2711.89409375,2712.0965937500005,S1,446.9607828761644,0.1933712363243103
2712.0965937500005,2712.11346875,S2,518.5884240087092,0.03801043704152107
2712.18096875,2713.02471875,S2,206.01702234370285,0.13558834791183472
2713.4803437500004,2713.4972187500007,S2,816.6666666666666,0.08742125332355499
2713.58159375,2716.21409375,S1,352.48775510647664,0.18147633969783783
2716.65284375,2717.26034375,S2,236.12964290699242,0.18081310391426086
2716.77096875,2717.05784375,S1,307.3511245555676,0.22648212313652039
2717.6315937500003,2718.82971875,S2,223.12663942785895,0.15937434136867523
2719.0828437500004,2721.0065937500003,S1,339.1340207628893,0.20159605145454407
2720.75346875,2723.03159375,S2,251.9290437899566,0.20051705837249756
2723.03159375,2723.2509687500005,S1,371.54536431792485,0.2234441339969635
2723.2509687500005,2723.28471875,S2,175.63891692448414,0.05947566032409668
2723.4365937500006,2724.3309687500005,S2,216.70544887150473,0.2510509192943573
2724.3309687500005,2724.41534375,S1,515.6196454635201,0.33510708808898926
2724.41534375,2724.4997187500003,S2,476.63670958829994,0.28420597314834595
2724.4997187500003,2724.76971875,S1,494.0396867015825,0.2955739200115204
2725.2422187500006,2725.6640937500006,S2,293.95215891772864,0.3581402003765106
2726.3222187500005,2732.0934687500003,S1,394.29197006897994,0.2563622295856476
2728.5497187500005,2728.98846875,S2,254.8568664543218,0.22368378937244415
2732.4647187500004,2733.7809687500003,S1,426.4429367719376,0.15187965333461761
2733.83159375,2734.91159375,S1,400.60646723688063,0.11626075953245163
3015.7790937500004,3017.21346875,S1,137.69623306766672,0.09674808382987976
3028.1484687500006,3028.41846875,S1,436.7428401050173,0.12382049858570099
3028.6715937500003,3029.26221875,S1,316.2962364947207,0.12399579584598541
3029.8190937500003,3030.3759687500005,S1,143.11688756950133,0.0996604710817337
3086.7890937500006,3087.6328437500006,S1,314.1456626996156,0.06877171993255615
3091.6659687500005,3092.66159375,S1,377.6941842711352,0.06678057461977005
3093.79221875,3094.72034375,S1,327.3454631066169,0.04451876878738403
3095.07471875,3095.91846875,S1,378.37640741498046,0.04048933833837509
3107.66346875,3108.5240937500002,S2,184.97079090432567,0.02839556150138378
3187.51596875,3188.4609687500006,S1,325.37231545387453,0.03910679742693901
3188.61284375,3189.8953437500004,S1,365.85595015583715,0.03930588811635971
3193.96221875,3196.8309687500005,S1,695.5580348189293,0.0501856803894043
3196.9659687500007,3200.89784375,S1,305.7563411100513,0.03622269630432129
3201.8934687500005,3203.6315937500003,S1,279.6189419639558,0.04575304314494133
3205.7578437500006,3207.83346875,S1,326.5398790927033,0.05995208024978638
3249.22784375,3252.5353437500007,S2,205.09820933473526,0.09582854807376862
3250.62846875,3250.7128437500005,S1,158.86087367036276,0.11626061052083969
3250.74659375,3251.45534375,S1,329.72293578986944,0.15877924859523773
3251.9615937500002,3252.31596875,S1,174.06122226238455,0.08873511850833893
3252.43409375,3252.50159375,S1,160.57869941095697,0.05843067541718483
3252.5353437500007,3252.8053437500002,S1,228.62257279515225,0.04582027718424797
3253.51409375,3253.8515937500006,S2,217.5176618195717,0.042204275727272034
3254.7628437500007,3255.3365937500002,S1,367.3409706503751,0.10821619629859924
3257.31096875,3257.54721875,S2,236.45439486667055,0.06239086762070656
3258.1715937500003,3259.3865937500004,S2,294.4636447791293,0.09294529259204865
3258.3065937500005,3258.32346875,S1,520.041778017919,0.11059466004371643
3259.35284375,3260.9728437500007,S1,314.7099388896909,0.12941046059131622
3262.18784375,3262.60971875,S1,230.73907964393175,0.07755443453788757
3262.60971875,3263.03159375,S2,154.83662549757136,0.06870139390230179
3264.0440937500007,3264.29721875,S1,276.5846083733576,0.09936131536960602
3264.4659687500007,3265.4784687500005,S1,587.9664671519325,0.22483429312705994
3266.1872187500003,3267.26721875,S1,632.3866008378621,0.23350690305233002
3267.9928437500002,3268.6847187500007,S1,401.80416334898234,0.2539651095867157
3270.0009687500005,3270.69284375,S1,353.31932356292197,0.20023055374622345
3271.2497187500003,3271.5028437500005,S1,265.8099837416698,0.08738629519939423
3272.5828437500004,3274.3378437500005,S1,431.54102908775303,0.2603297233581543
3275.0465937500003,3276.4303437500002,S1,375.5121757467034,0.21549560129642487
3276.95346875,3277.4259687500007,S1,354.44454362894,0.16055865585803986
3278.9784687500005,3279.24846875,S1,300.1484698324117,0.1544557362794876
3280.1765937500004,3280.2440937500005,S1,361.6964660202823,0.036100469529628754
3280.44659375,3280.4803437500004,S1,706.9534456140032,0.01798115484416485
3280.8515937500006,3281.23971875,S1,282.044042948963,0.16698355972766876
3282.5222187500003,3284.2097187500003,S1,271.1456867447478,0.15257006883621216
3285.22221875,3285.62721875,S1,235.88035135456153,0.06365784257650375
3287.3484687500004,3287.7028437500003,S1,329.61876929789753,0.13302139937877655
3288.7997187500005,3290.33534375,S1,477.2950940502082,0.10063371062278748
3291.48284375,3292.0397187500002,S1,424.51457746028257,0.11148713529109955
3294.5709687500002,3294.5878437500005,S1,109.70149253731343,0.007343986537307501
3294.62159375,3294.9422187500004,S1,478.50226125997443,0.09787485748529434
3297.5915937500004,3298.4522187500006,S1,389.76220014591206,0.21313565969467163
3299.1609687500004,3300.46034375,S1,315.82737555700254,0.14234967529773712
3300.71346875,3301.0509687500007,S1,462.6828830276166,0.1007954329252243
3301.5234687500006,3301.86096875,S1,243.86887746617003,0.0857185423374176
3302.40096875,3303.6159687500003,S1,416.3891601245145,0.11093804240226746
3303.7340937500003,3304.18971875,S1,169.7270424326726,0.13683056831359863
3305.40471875,3305.7253437500003,S1,313.49467521206645,0.12009299546480179
3306.78846875,3307.88534375,S1,400.3382533604957,0.15826454758644104
3308.59409375,3309.45471875,S1,575.695278018808,0.14569193124771118
3310.1297187500004,3310.82159375,S1,452.1188125423382,0.13556385040283203
3310.93971875,3311.8678437500002,S1,620.1476746132251,0.1629004329442978
3312.3572187500004,3314.0447187500004,S1,543.4944639126975,0.17030037939548492
3314.9728437500007,3315.58034375,S1,392.56993232780457,0.12369216233491898
3315.95159375,3316.74471875,S1,307.3500562102337,0.12289810180664062
3317.70659375,3318.3478437500007,S1,297.13798674758726,0.11343395709991455
3319.07346875,3320.11971875,S1,249.42590186939412,0.06853963434696198
3323.8322187500007,3324.1865937500006,S1,260.9754716088062,0.1386786252260208
3325.7390937500004,3327.57846875,S1,352.5776375675546,0.15759947896003723
3328.55721875,3330.1434687500005,S1,340.4162611569732,0.19419540464878082
3330.90284375,3332.16846875,S1,302.8562665083398,0.14697828888893127
3333.78846875,3334.3622187500005,S1,409.47189534965236,0.1660892814397812
3335.2565937500003,3335.84721875,S1,450.9692294772577,0.13666263222694397
3336.43784375,3336.79221875,S1,398.24928684691565,0.10140370577573776
3336.92721875,3337.0790937500005,S1,125.47236332726303,0.08914293348789215
3337.34909375,3338.05784375,S1,298.1256247662408,0.16946610808372498
3338.7159687500007,3339.6103437500005,S1,276.9487713256779,0.10421088337898254
3339.88034375,3341.33159375,S1,269.7605610626517,0.11435896903276443
3342.0234687500006,3343.6434687500005,S1,333.59811673177023,0.21303395926952362
3345.43221875,3346.51221875,S1,368.868166262007,0.133478045463562
3349.2628437500007,3349.9209687500006,S1,241.63538778896088,0.1409771740436554
3349.9715937500005,3350.05596875,S1,816.6666666666666,0.10714588314294815
3351.4903437500006,3353.0934687500003,S1,347.8115597621102,0.12720823287963867
3354.4265937500004,3355.30409375,S1,268.30633715373665,0.1566108614206314
3355.67534375,3356.40096875,S1,200.53517176939536,0.08616182208061218
3356.4853437500005,3357.7340937500003,S1,315.52052235681697,0.14203819632530212
3359.0672187500004,3359.6915937500007,S1,259.95816920599236,0.08198389410972595
3363.2859687500004,3364.4840937500003,S1,342.5065356817894,0.06807087361812592
3365.7665937500005,3367.25159375,S1,281.0139788158248,0.16503585875034332
3370.1540937500004,3370.5084687500002,S1,267.65280575646875,0.06983689963817596
3373.6472187500003,3375.0984687500004,S1,313.86800339749055,0.20032623410224915
3375.5709687500002,3377.7478437500004,S1,332.73827790142866,0.1704052984714508
3378.1022187500002,3379.65471875,S1,335.11206401348045,0.17527449131011963
3380.1778437500006,3381.6290937500007,S1,441.37923480132804,0.20862385630607605
3382.5909687500007,3384.54846875,S1,311.0789161178744,0.173591747879982
3385.25721875,3386.6915937500007,S1,356.58674766766285,0.19367602467536926
3390.92721875,3391.1297187500004,S1,330.08006669556625,0.08417890220880508
3391.34909375,3391.93971875,S1,412.6946471904681,0.16793441772460938
3391.9734687500004,3392.2097187500003,S1,483.1053309899741,0.04817839339375496
3393.03659375,3393.9647187500004,S1,520.8103768852457,0.10434082895517349
3394.53846875,3394.5553437500002,S1,382.9626562280601,0.007417867425829172
3396.9684687500003,3397.72784375,S1,474.89285379399405,0.12362847477197647
3399.22971875,3400.63034375,S1,366.6855717568712,0.23813779652118683
3401.4909687500003,3401.94659375,S1,378.15895294566553,0.22795598208904266
3402.1659687500005,3402.5203437500004,S1,552.3412333507038,0.16270622611045837
3403.2965937500003,3403.6847187500007,S1,232.68925518600577,0.13793934881687164
3405.7772187500004,3407.7684687500005,S1,242.86563533010687,0.1409592181444168
3408.81471875,3409.4559687500005,S1,374.5870791186176,0.15804311633110046
3410.09721875,3410.6034687500005,S1,347.12544587849544,0.17454825341701508
3411.9197187500004,3413.23596875,S1,301.79830866617704,0.10988070070743561
3414.01221875,3414.9572187500007,S1,317.56671595530565,0.1247299313545227
3415.6659687500005,3416.66159375,S1,339.88688188558535,0.07468420267105103
3428.4403437500005,3428.8790937500007,S1,327.06823661715885,0.06229396164417267
3429.43596875,3429.8409687500007,S1,302.58534160873467,0.041447121649980545
3431.5622187500003,3432.7772187500004,S1,355.5957515464135,0.09651403874158859
3432.9628437500005,3433.72221875,S1,391.38117431731735,0.14382191002368927
3434.3634687500007,3435.1228437500004,S1,372.73538384394567,0.11307815462350845
3435.93284375,3436.4559687500005,S1,352.67317898208114,0.07757938653230667
3437.80596875,3438.4472187500005,S1,312.10679707767116,0.04515758901834488
3440.70846875,3441.4003437500005,S1,294.6710488077776,0.05112341046333313
3443.12159375,3443.52659375,S1,253.22328610379256,0.032371215522289276
3444.0665937500007,3444.5390937500006,S1,279.9683267165733,0.028168851509690285
3445.9734687500004,3446.1759687500007,S1,352.69837004033633,0.03866274654865265
3467.03346875,3467.05034375,S1,278.6539359861509,0.018502192571759224
3467.33721875,3467.4215937500003,S1,215.97760526828253,0.0454445406794548
3468.07971875,3468.50159375,S1,385.5782578572491,0.11170647293329239
3470.3915937500005,3474.40784375,S1,412.5089897051032,0.09828077256679535
3476.19659375,3479.9765937500006,S1,376.1295973683908,0.12324292957782745
3480.2634687500004,3480.65159375,S1,444.71245310799907,0.07983599603176117
3480.9890937500004,3481.32659375,S1,295.03864005540237,0.06395107507705688
3481.98471875,3483.43596875,S1,522.780211576492,0.14430993795394897
3484.1784687500003,3485.73096875,S1,542.9199205116445,0.09593988209962845
3488.7178437500006,3489.3590937500003,S1,254.95455279559624,0.09803637117147446
3489.9834687500006,3492.17721875,S2,279.3992354649224,0.16174881160259247
3491.1309687500006,3491.63721875,S1,424.97481315321545,0.17714497447013855
3492.17721875,3492.1940937500003,S1,424.66233864630937,0.0227154903113842
3493.6453437500004,3494.3203437500006,S2,374.9848793864834,0.18350648880004883
3493.7634687500004,3498.03284375,S1,384.0658302268319,0.17450258135795593
3498.08346875,3498.57284375,S1,731.8321186120486,0.1761220395565033
3498.6572187500005,3499.7878437500003,S1,398.57619321915104,0.11820004135370255
3499.9903437500006,3501.8465937500005,S1,356.22400668296825,0.0788261815905571
3504.04034375,3504.6647187500002,S1,393.78604856545286,0.064841628074646
3507.22971875,3508.57971875,S1,377.0198730848564,0.24670808017253876
